Tanglefoot,Seasonal Garden,,,,6.46%
Tanglefoot,Seasonal Garden,SUPER|brie+,,,6.24%
Vinetail,Seasonal Garden,SUPER|brie+,,,0.63%
Vinetail,Seasonal Garden,,,,0.75%
Puddlemancer,Seasonal Garden,SUPER|brie+,,,7.18%
Puddlemancer,Seasonal Garden,,,,8.31%
Technic King,Zugzwang's Tower,Checkmate,,,6.85%
Technic King,Zugzwang's Tower,SUPER|brie+,,,0.62%
Technic King,Zugzwang's Tower,,,,0.80%
Hydrophobe,Seasonal Garden,SUPER|brie+,,,2.96%
Hydrophobe,Seasonal Garden,,,,3.62%
Derpicorn,Birthday Party Zone,Extra Sweet Cupcake Colby,,,0.24%
Derpicorn,Seasonal Garden,,,,1.61%
Derpicorn,Seasonal Garden,SUPER|brie+,,,1.80%
Spring Familiar,Seasonal Garden,SUPER|brie+,,,0.62%
Mystic Pawn,Zugzwang's Tower,,,,17.86%
Mystic Pawn,Zugzwang's Tower,SUPER|brie+,,,19.00%
Technic Pawn,Zugzwang's Tower,,,,23.62%
Technic Pawn,Zugzwang's Tower,SUPER|brie+,,,17.92%
Technic Knight,Zugzwang's Tower,,,,10.31%
Technic Knight,Zugzwang's Tower,SUPER|brie+,,,10.30%
Technic Bishop,Zugzwang's Tower,SUPER|brie+,,,10.03%
Technic Queen,Zugzwang's Tower,,,,2.96%
Technic Queen,Zugzwang's Tower,Checkmate,,,6.36%
Technic Rook,Zugzwang's Tower,Checkmate,,,10.21%
Technic Rook,Zugzwang's Tower,SUPER|brie+,,,7.03%
Master of the Dojo,Pinnacle Chamber,Rumble,,,99.96%
Master of the Dojo,Pinnacle Chamber,Rumble,Candy,,100.00%
Renegade,Derr Dunes,SUPER|brie+,,,17.63%
Renegade,Derr Dunes,,,,15.49%
Mystic Bishop,Zugzwang's Tower,Checkmate,,,7.36%
Mystic Bishop,Zugzwang's Tower,,,,8.49%
Mystic Bishop,Zugzwang's Tower,SUPER|brie+,,,10.42%
Mystic Rook,Zugzwang's Tower,SUPER|brie+,,,7.25%
Mystic Rook,Zugzwang's Tower,Checkmate,,,7.98%
Mystic Rook,Zugzwang's Tower,,,,6.36%
Mystic Knight,Zugzwang's Tower,,,,10.33%
Mystic Knight,Zugzwang's Tower,SUPER|brie+,,,10.28%
Mystic Queen,Zugzwang's Tower,Checkmate,,,6.08%
Mystic Queen,Zugzwang's Tower,SUPER|brie+,,,3.05%
Mystic Queen,Zugzwang's Tower,,,,3.38%
Mystic King,Zugzwang's Tower,Checkmate,,,6.43%
Mystic King,Zugzwang's Tower,,,,0.49%
Mystic King,Zugzwang's Tower,SUPER|brie+,,,0.45%
Lambent Crystal,Town of Digby,Limelight,,,7.99%
Demolitions,Town of Digby,Limelight,,,11.59%
Core Sample,Town of Digby,Limelight,,,10.09%
Rock Muncher,Town of Digby,Limelight,,,11.20%
Industrious Digger,Town of Digby,Limelight,,,15.90%
Stone Cutter,Town of Digby,Limelight,,,13.65%
Finder,Birthday Party Zone,Extra Sweet Cupcake Colby,,,0.14%
Brimstone,Balack's Cove,Vanilla Stilton,,,14.92%
Pathfinder,Nerg Plains,SUPER|brie+,,,4.43%
Pathfinder,Cape Clawed,,,,8.85%
Pathfinder,Nerg Plains,,,,8.09%
Pathfinder,Cape Clawed,Gumbo,,,19.18%
Beast Tamer,Nerg Plains,,,,14.15%
Beast Tamer,Nerg Plains,SUPER|brie+,,,16.54%
Caretaker,Cape Clawed,Gumbo,,,19.71%
Caretaker,Nerg Plains,,,,9.43%
Caretaker,Cape Clawed,,,,9.92%
Conqueror,Nerg Plains,,,,15.83%
Conqueror,Nerg Plains,SUPER|brie+,,,16.98%
Wordsmith,Cape Clawed,Crunchy,,,17.94%
Wordsmith,Cape Clawed,,,,9.06%
Wordsmith,Derr Dunes,,,,7.90%
Grunt,Derr Dunes,,,,11.00%
Grunt,Derr Dunes,SUPER|brie+,,,17.06%
Hapless Marionette,King's Gauntlet,Dumpling Cheese,,,7.58%
Hapless Marionette,King's Gauntlet,,,,20.20%
Toy Sylvan,King's Gauntlet,Dumpling Cheese,,,7.36%
Toy Sylvan,King's Gauntlet,,,,23.39%
Terra,King's Gauntlet,Gauntlet Tier 5,,,22.89%
Narrator,Cape Clawed,Gumbo,,,22.69%
Narrator,Cape Clawed,,,,8.63%
Alnilam,Nerg Plains,SUPER|brie+,,,19.11%
Alnilam,Nerg Plains,,,,14.98%
Mummy,Mousoleum,Undead Emmental,Dark Chocolate,,28.39%
Mummy,Mousoleum,Undead Emmental,,,29.23%
Mummy,Catacombs,Undead Emmental,Antiskele,,22.22%
Mummy,Catacombs,Undead Emmental,,,19.28%
Pumpkin Head,Seasonal Garden,,,,6.81%
Pumpkin Head,Birthday Party Zone,Extra Sweet Cupcake Colby,,,0.17%
Field,Windmill,Mozzarella,,,15.32%
Field,Meadow,White Cheddar,,,19.94%
Field,Windmill,White Cheddar,,,18.36%
Giant Snail,Catacombs,Radioactive Blue,,,7.02%
Giant Snail,Mousoleum,Radioactive Blue,,,6.27%
Dwarf,Town of Gnawnia,Mozzarella,,,19.77%
Dwarf,Tournament Hall,,,,21.34%
Dwarf,Laboratory,White Cheddar,,,21.43%
Dwarf,Town of Gnawnia,White Cheddar,,,19.42%
Slayer,Nerg Plains,Gumbo,Candy,,28.89%
Slayer,Nerg Plains,Gumbo,,,30.19%
Zephyr,King's Gauntlet,Gauntlet Tier 5,,,22.05%
Harvest Harrier,Seasonal Garden,,,,11.18%
Harvest Harrier,Seasonal Garden,SUPER|brie+,,,14.06%
Brown,Vacant Lot,,,,12.15%
Page,King's Gauntlet,Gauntlet Tier 3,,,18.54%
Scruffy,Windmill,,Prospector's,,12.71%
Scruffy,King's Arms,Gilded,,,9.25%
Scruffy,King's Arms,,,,11.68%
Scruffy,King's Arms,White Cheddar,,,16.76%
Scruffy,Windmill,White Cheddar,,,12.16%
Phalanx,King's Gauntlet,Gauntlet Tier 3,,,20.16%
Defender,Nerg Plains,Gumbo,,,54.18%
Scarecrow,Seasonal Garden,,,,6.46%
Scarecrow,Seasonal Garden,SUPER|brie+,,,8.22%
Knight,King's Gauntlet,Gauntlet Tier 3,,,19.88%
Over-Prepared,Seasonal Garden,,,,3.76%
Over-Prepared,Seasonal Garden,SUPER|brie+,,,2.18%
Fencer,King's Gauntlet,Dumpling Cheese,,,6.19%
Fencer,King's Gauntlet,Gauntlet Tier 3,,,10.48%
Berserker,King's Gauntlet,Gauntlet Tier 3,,,20.26%
Mintaka,Derr Dunes,,,,15.38%
Mintaka,Derr Dunes,SUPER|brie+,,,15.58%
Cavalier,King's Gauntlet,Dumpling Cheese,,,2.64%
Cavalier,King's Gauntlet,Gauntlet Tier 3,,,10.70%
Icicle,Seasonal Garden,SUPER|brie+,,,3.70%
Icicle,Seasonal Garden,,,,5.70%
Frostbite,Seasonal Garden,SUPER|brie+,,,3.21%
Frostbite,Seasonal Garden,,,,4.82%
Trailblazer,Cape Clawed,Crunchy,,,18.91%
Trailblazer,Derr Dunes,,,,8.34%
Trailblazer,Cape Clawed,,,,8.07%
Healer,Cape Clawed,Crunchy,,,21.02%
Healer,Cape Clawed,,,,8.92%
Healer,Derr Dunes,,,,8.43%
Wound Up White,King's Gauntlet,Dumpling Cheese,,,7.31%
Wound Up White,King's Gauntlet,,,,25.08%
Mystic,Elub Shore,,,,15.32%
Mystic,Elub Shore,SUPER|brie+,,,14.83%
Soothsayer,Elub Shore,SUPER|brie+,,,17.12%
Soothsayer,Elub Shore,,,,15.75%
Taleweaver,Cape Clawed,,,,8.59%
Taleweaver,Cape Clawed,Shell,,,19.68%
Taleweaver,Elub Shore,,,,8.28%
Ghost,Mousoleum,Undead Emmental,Dark Chocolate,,32.63%
Ghost,Mousoleum,Undead Emmental,,,25.63%
Aquos,King's Gauntlet,Gauntlet Tier 5,,,22.15%
Scout,Cape Clawed,SUPER|brie+,,,6.61%
Scout,Elub Shore,,,,8.48%
Scout,Cape Clawed,,,,8.85%
Scout,Cape Clawed,Shell,,,21.31%
Ignis,King's Gauntlet,Gauntlet Tier 5,,,21.70%
Ignis,Birthday Party Zone,Extra Sweet Cupcake Colby,,,0.28%
Sock Puppet Ghost,King's Gauntlet,,,,14.64%
Sock Puppet Ghost,King's Gauntlet,Dumpling Cheese,,,7.42%
Clockwork Samurai,King's Gauntlet,Dumpling Cheese,,,9.00%
Clockwork Samurai,King's Gauntlet,,,,14.00%
Bruticle,Seasonal Garden,SUPER|brie+,,,3.21%
Bruticle,Seasonal Garden,,,,4.61%
Bat,Mousoleum,Moon,,,16.27%
Bat,Mousoleum,Radioactive Blue,,,11.75%
Skeleton,Catacombs,Ancient,,,16.04%
Skeleton,Catacombs,Undead Emmental,,,9.82%
Skeleton,Catacombs,Radioactive Blue,,,15.59%
Penguin,Seasonal Garden,SUPER|brie+,,,2.32%
Penguin,Seasonal Garden,,,,3.01%
White Mage,King's Gauntlet,Gauntlet Tier 6,,,41.44%
Sacred Shrine,King's Gauntlet,Gauntlet Tier 6,,,37.38%
Protector,Elub Shore,Shell,,,52.00%
Vanquisher,Elub Shore,SUPER|brie+,,,16.89%
Vanquisher,Elub Shore,,,,15.35%
Elub Chieftain,Elub Shore,Shell,,,14.94%
Elub Chieftain,Elub Shore,Shell,Candy,,9.85%
Alchemist,Elub Shore,,,,8.05%
Alchemist,Cape Clawed,SUPER|brie+,,,7.78%
Alchemist,Cape Clawed,,,,7.92%
Alchemist,Cape Clawed,Shell,,,19.18%
Spectre,Acolyte Realm,Runic,,,17.40%
Spectre,Acolyte Realm,Ancient,,,26.76%
Alnitak,Elub Shore,SUPER|brie+,,,16.98%
Alnitak,Elub Shore,,,,15.64%
Magma Carrier,Jungle of Dread,Spicy Havarti,,,99.32%
Gate Guardian,Acolyte Realm,Ancient,,,8.88%
Gate Guardian,Acolyte Realm,Runic,Candy,,4.12%
Gate Guardian,Acolyte Realm,Radioactive Blue,,,31.63%
Primal,Jungle of Dread,Sweet Havarti,,,97.57%
Pack,Birthday Party Zone,Extra Sweet Cupcake Colby,,,0.23%
Golem,Acolyte Realm,Ancient,,,22.99%
Golem,Acolyte Realm,Radioactive Blue,,,32.85%
Golem,Acolyte Realm,Runic,,,19.34%
Conjurer,Nerg Plains,,,,16.99%
Conjurer,Nerg Plains,SUPER|brie+,,,17.18%
Steel,Laboratory,,Prospector's,,30.80%
Steel,Laboratory,Rancid Radioactive Blue,Super Rotten,,23.26%
Steel,Laboratory,Radioactive Blue,Dark Chocolate,,22.92%
Steel,Laboratory,SUPER|brie+,,,28.48%
Steel,Town of Digby,,Prospector's,,26.21%
Granite,Bazaar,,,,23.72%
Big Bad Burroughs,Town of Digby,Limelight,,,4.70%
Scavenger,Catacombs,Ancient,,,13.16%
Scavenger,Catacombs,Ancient,Antiskele,,13.17%
Scavenger,Forbidden Grove,Moon,,,19.87%
Bionic,Laboratory,,,,23.81%
Bionic,Town of Digby,,Prospector's,,22.33%
Bionic,Laboratory,SUPER|brie+,,,26.06%
Puppet Master,King's Gauntlet,,,,2.29%
Puppet Master,King's Gauntlet,Dumpling Cheese,,,7.67%
Jurassic,Jungle of Dread,Creamy Havarti,,,99.30%
Jurassic,Jungle of Dread,Sweet Havarti,,,2.09%
Chameleon,Calm Clearing,Cherry,,,18.16%
Chameleon,Calm Clearing,SUPER|brie+,,,11.85%
Fetid Swamp,Jungle of Dread,Crunchy Havarti,,,98.73%
Mutated Grey,Laboratory,White Cheddar,,,26.95%
Mutated Grey,Acolyte Realm,Radioactive Blue,,,14.97%
Mutated Grey,Forbidden Grove,Radioactive Blue,,,21.80%
Mutated Grey,Bazaar,,,,15.09%
Mutated Grey,Forbidden Grove,Rancid Radioactive Blue,,,19.64%
Sorcerer,Acolyte Realm,Ancient,,,22.78%
Sorcerer,Acolyte Realm,Runic,,,15.93%
Zombie,Catacombs,Radioactive Blue,Brain,,37.29%
Zombie,Mousoleum,Radioactive Blue,Brain,,46.28%
Dragon,Dracano,Inferno Havarti,,,37.59%
Vampire,Catacombs,Undead Emmental,Antiskele,,10.27%
Vampire,Catacombs,Undead Emmental,,,11.86%
Vampire,Mousoleum,Undead Emmental,,,11.70%
Vampire,Mousoleum,Undead Emmental,Dark Chocolate,,10.59%
Spellbinder,Derr Dunes,SUPER|brie+,,,17.02%
Spellbinder,Derr Dunes,,,,15.99%
Reaper,Spooky Sandcastle,Candy Corn,Spooky,,2.52%
Reaper,Spooky Sandcastle,Ghoulgonzola,Spooky,,1.30%
Reaper,Forbidden Grove,Ancient,,,2.53%
Miner,Town of Digby,Limelight,,,9.90%
Fairy,Great Gnarled Tree,Gnarled,,,10.28%
Fairy,Great Gnarled Tree,,,,6.69%
Fairy,Lagoon,Gnarled,,,5.85%
Fairy,Great Gnarled Tree,SUPER|brie+,,,6.15%
Water Nymph,Lagoon,Wicked Gnarly,,,24.16%
Water Nymph,Lagoon,Gnarled,,,29.35%
Eagle Owl,Great Gnarled Tree,SUPER|brie+,,,13.87%
Eagle Owl,Great Gnarled Tree,Gnarled,,,21.97%
Eagle Owl,Great Gnarled Tree,,,,12.25%
Centaur,Lagoon,Wicked Gnarly,,,11.69%
Centaur,Great Gnarled Tree,Dumpling Cheese,,,15.43%
Centaur,Lagoon,Gnarled,,,12.09%
Subterranean,Birthday Party Zone,Extra Sweet Cupcake Colby,,,0.37%
Subterranean,Town of Digby,Limelight,,,4.77%
Mutated White,Acolyte Realm,Radioactive Blue,,,13.12%
Mutated White,Forbidden Grove,Rancid Radioactive Blue,,,31.64%
Mutated White,Forbidden Grove,Radioactive Blue,,,19.58%
Burglar,King's Arms,Gilded,,,22.28%
Burglar,Bazaar,SUPER|brie+,,,17.58%
Burglar,Bazaar,Gilded,,,11.14%
Burglar,Tournament Hall,SUPER|brie+,,,7.10%
Goblin,Lagoon,Gnarled,,,6.75%
Goblin,Lagoon,Wicked Gnarly,,,8.79%
Lockpick,Birthday Party Zone,Extra Sweet Cupcake Colby,,,0.20%
Lockpick,King's Gauntlet,Gauntlet Tier 2,,,19.27%
Hydra,Lagoon,Gnarled,,,15.69%
Hydra,Lagoon,Wicked Gnarly,,,17.60%
Bandit,King's Gauntlet,Gauntlet Tier 2,,,18.62%
Nomad,Great Gnarled Tree,SUPER|brie+,,,1.17%
Nomad,Great Gnarled Tree,Dumpling Cheese,,,0.37%
Nomad,Lagoon,Gnarled,,,5.17%
Nomad,Lagoon,Wicked Gnarly,,,4.49%
Fiend,King's Gauntlet,Gauntlet Tier 7,,,78.09%
Escape Artist,King's Gauntlet,Dumpling Cheese,,,2.43%
Escape Artist,King's Gauntlet,Gauntlet Tier 2,,,17.20%
Seer,Derr Dunes,,,,15.20%
Seer,Derr Dunes,SUPER|brie+,,,16.49%
Gorgon,Acolyte Realm,Runic,,,18.02%
Gorgon,Acolyte Realm,Ancient,,,18.56%
Impersonator,King's Gauntlet,Gauntlet Tier 2,,,21.19%
Stealth,King's Gauntlet,Gauntlet Tier 2,,,18.29%
Rogue,King's Gauntlet,Gauntlet Tier 2,,,5.42%
Rogue,King's Gauntlet,Dumpling Cheese,,,2.45%
Keeper's Assistant,Catacombs,Radioactive Blue,,,12.76%
Keeper's Assistant,Catacombs,Ancient,,,11.73%
Grey,Town of Gnawnia,Mozzarella,,,16.28%
Grey,Meadow,Mozzarella,,,17.24%
Grey,Windmill,Gilded,,,15.85%
Grey,Windmill,Mozzarella,,,14.41%
Grey,Town of Gnawnia,Festive Feta,,,22.95%
Acolyte,Acolyte Realm,Runic,,,8.27%
Winter Mage,Seasonal Garden,SUPER|brie+,,,0.73%
Winter Mage,Seasonal Garden,,,,1.31%
Enslaved Spirit,Balack's Cove,Vengeful Vanilla Stilton,,,19.09%
Enslaved Spirit,Balack's Cove,Vanilla Stilton,,,14.57%
Twisted Fiend,Balack's Cove,Vanilla Stilton,,,13.38%
Troll,Lagoon,Wicked Gnarly,,,5.35%
Troll,Lagoon,Gnarled,,,5.02%
White,Town of Gnawnia,Festive Feta,,,22.95%
White,Town of Gnawnia,Mozzarella,,,19.35%
White,Vacant Lot,Brie String,,,19.05%
White,Town of Gnawnia,,Warpath Archer,,26.32%
Cyclops,Calm Clearing,Cherry,,,14.85%
Cyclops,Calm Clearing,,,,12.13%
Cyclops,Lagoon,Gnarled,,,6.10%
Cyclops,Calm Clearing,SUPER|brie+,,,7.96%
Spider,Catacombs,Ancient,,,14.89%
Spider,Forbidden Grove,Ancient,,,13.03%
Nerg Chieftain,Nerg Plains,Gumbo,,,15.62%
Davy Jones,Balack's Cove,Vanilla Stilton,,,13.24%
Salt Water Snapper,S.S. Huntington III,SUPER|brie+,,,9.96%
Frog,Great Gnarled Tree,,,,7.29%
Frog,Calm Clearing,SUPER|brie+,,,13.24%
Frog,Great Gnarled Tree,SUPER|brie+,,,7.93%
Frog,Calm Clearing,,,,14.09%
Bear,Great Gnarled Tree,Dumpling Cheese,,,13.74%
Bear,Calm Clearing,Cherry,,,17.97%
Bear,Calm Clearing,,,,11.57%
Bottled,S.S. Huntington III,Dumpling Cheese,,,6.96%
Bottled,S.S. Huntington III,SUPER|brie+,,,5.19%
Itty-Bitty Burroughs,Town of Digby,Limelight,,,9.60%
Guardian,Derr Dunes,Crunchy,,,55.59%
Gladiator,Derr Dunes,,,,0.09%
Gladiator,Derr Dunes,Crunchy,,,29.33%
Derr Chieftain,Derr Dunes,Crunchy,,,15.02%
Cowardly,Town of Gnawnia,White Cheddar,,,41.05%
Cowardly,Meadow,White Cheddar,,,25.86%
Cowardly,Vacant Lot,SUPER|brie+,,,14.39%
Cowardly,Town of Gnawnia,Mozzarella,,,16.13%
Ooze,Catacombs,Radioactive Blue,,,9.47%
Ooze,Catacombs,Ancient,,,14.93%
Shipwrecked,S.S. Huntington III,,Candy,,11.76%
Shipwrecked,S.S. Huntington III,Toxic SUPER|brie+,,,9.70%
Shipwrecked,S.S. Huntington III,,Prospector's,,10.45%
Shipwrecked,S.S. Huntington III,,Dark Chocolate,,10.42%
Shipwrecked,S.S. Huntington III,White Cheddar,,,15.00%
Shipwrecked,S.S. Huntington III,SUPER|brie+,Candy,,11.63%
Monster,Laboratory,Radioactive Blue,,,10.36%
Monster,Laboratory,Rancid Radioactive Blue,,,23.02%
Longtail,Windmill,White Cheddar,,,11.19%
Longtail,King's Arms,Gilded,,,8.36%
Longtail,King's Arms,,,,8.63%
Longtail,Windmill,SUPER|brie+,,,9.54%
Pinchy,S.S. Huntington III,,,,8.53%
Diamond,Mountain,White Cheddar,Prospector's,,29.82%
Diamond,Mountain,SUPER|brie+,Prospector's,,19.79%
Diamond,Mountain,,Prospector's,,15.56%
Diamond,Tournament Hall,,,,18.75%
Lightning Rod,Tournament Hall,SUPER|brie+,,,12.02%
Lightning Rod,Meadow,White Cheddar,,,14.24%
Lightning Rod,Tournament Hall,,,,19.57%
Derr Lich,Balack's Cove,Vengeful Vanilla Stilton,,,17.40%
Derr Lich,Balack's Cove,Vanilla Stilton,,,7.66%
Moosker,Calm Clearing,SUPER|brie+,,,9.08%
Moosker,Great Gnarled Tree,SUPER|brie+,,,5.60%
Moosker,Great Gnarled Tree,,,,5.97%
Moosker,Calm Clearing,,,,7.44%
Draconic Warden,Dracano,Inferno Havarti,,,27.82%
Tidal Fisher,Balack's Cove,Vanilla Stilton,,,5.73%
Terror Knight,Catacombs,Ancient,,,7.55%
Terror Knight,Catacombs,Radioactive Blue,Antiskele,,8.78%
Terror Knight,Catacombs,Undead Emmental,,,10.45%
Elub Lich,Balack's Cove,Vengeful Vanilla Stilton,,,16.83%
Keeper,Catacombs,Ancient,Antiskele,,12.13%
Keeper,Catacombs,Radioactive Blue,Antiskele,,4.70%
Keeper,Catacombs,Ancient,,,12.14%
Nerg Lich,Balack's Cove,Vanilla Stilton,,,9.96%
Nerg Lich,Balack's Cove,Vengeful Vanilla Stilton,,,15.76%
Wiggler,Calm Clearing,,,,8.56%
Wiggler,Great Gnarled Tree,Dumpling Cheese,,,6.69%
Wiggler,Calm Clearing,SUPER|brie+,,,10.61%
Buccaneer,S.S. Huntington III,Galleon Gouda,,,19.34%
Siren,S.S. Huntington III,SUPER|brie+,Softserve,,14.81%
Siren,S.S. Huntington III,,Prospector's,,9.59%
Siren,S.S. Huntington III,Toxic SUPER|brie+,,,11.80%
Siren,S.S. Huntington III,SUPER|brie+,Prospector's,,14.94%
Leviathan,S.S. Huntington III,Dumpling Cheese,,,6.92%
Leviathan,S.S. Huntington III,Galleon Gouda,,,9.53%
Gargoyle,Forbidden Grove,Ancient,,,14.81%
Lich,Acolyte Realm,Runic,,,8.51%
Swarm of Pygmy Mice,Jungle of Dread,Vanilla Stilton,,,92.58%
Swarm of Pygmy Mice,Jungle of Dread,,,,82.97%
Swarm of Pygmy Mice,Jungle of Dread,SUPER|brie+,,,90.69%
Chess Master,Zugzwang's Tower,Checkmate,,,8.97%
Chess Master,Zugzwang's Tower,,,,0.11%
Shaman,Calm Clearing,Cherry,,,14.67%
Shaman,Lagoon,,,,19.78%
Shaman,Lagoon,SUPER|brie+,,,28.54%
Gold,Tournament Hall,,,,19.66%
Gold,Mountain,White Cheddar,Prospector's,,17.54%
Gold,Mountain,SUPER|brie+,Prospector's,,19.79%
Gold,Mountain,,Prospector's,,22.96%
Sylvan,Calm Clearing,SUPER|brie+,,,12.15%
Sylvan,Jungle of Dread,,,,14.31%
Sylvan,Great Gnarled Tree,,,,11.67%
Elven Princess,Great Gnarled Tree,Gnarled,,,11.53%
Elven Princess,Lagoon,SUPER|brie+,,,19.14%
Elven Princess,Lagoon,,,,21.19%
Treant,Calm Clearing,Cherry,,,18.40%
Treant,Lagoon,,,,39.56%
Treant,Lagoon,SUPER|brie+,,,21.36%
Monarch,Seasonal Garden,SUPER|brie+,,,3.80%
Monarch,Seasonal Garden,,,,3.31%
Firebreather,Seasonal Garden,,,,4.61%
Firebreather,Seasonal Garden,SUPER|brie+,,,4.88%
Firefly,Birthday Party Zone,Extra Sweet Cupcake Colby,,,0.36%
Firefly,Seasonal Garden,,,,4.36%
Summer Mage,Seasonal Garden,SUPER|brie+,,,1.54%
Summer Mage,Seasonal Garden,,,,1.33%
Lycan,Mousoleum,Moon,Prospector's,,46.77%
Lycan,Catacombs,Moon,,,29.66%
Lycan,Forbidden Grove,Moon,,,40.06%
Stinger,Seasonal Garden,SUPER|brie+,,,5.99%
Stinger,Seasonal Garden,,,,6.12%
Hot Head,Seasonal Garden,SUPER|brie+,,,3.76%
Hot Head,Seasonal Garden,,,,3.84%
Pirate,Harbour,SUPER|brie+,,,16.27%
Pirate,Harbour,,,,16.42%
Pugilist,Town of Gnawnia,Dumpling Cheese,,,15.85%
Spotted,Meadow,,,,13.48%
Spotted,Meadow,White Cheddar,,,19.39%
Spotted,Vacant Lot,Arctic Asiago,,,14.42%
Black Widow,Laboratory,Rancid Radioactive Blue,,,1.67%
Black Widow,Great Gnarled Tree,Runny,,,2.05%
Black Widow,Spooky Sandcastle,Ghoulgonzola,Extra Spooky,,1.87%
Black Widow,Derr Dunes,SUPER|brie+,,,0.98%
Spud,Windmill,White Cheddar,,,18.20%
Spud,Windmill,,,,10.70%
Spud,Windmill,SUPER|brie+,,,9.86%
Foxy,Great Gnarled Tree,Gnarled,,,3.48%
Foxy,Great Gnarled Tree,SUPER|brie+,,,1.52%
Foxy,Great Gnarled Tree,Dumpling Cheese,,,6.35%
Foxy,Calm Clearing,SUPER|brie+,,,1.33%
Foxy,Great Gnarled Tree,,,,1.68%
Ravenous Zombie,Mousoleum,Radioactive Blue,Brain,,33.24%
Ravenous Zombie,Mousoleum,Undead Emmental,Brain,,19.54%
Master of the Cheese Belt,Meditation Room,Glutter,,,99.47%
Master of the Cheese Fang,Meditation Room,Combat,,,99.81%
Whelpling,Birthday Party Zone,Cupcake Colby,,,0.06%
Hapless,Dojo,,,,3.23%
Kung Fu,Dojo,,,,10.98%
Guqin Player,King's Gauntlet,Gauntlet Tier 4,,,26.42%
Cowbell,Birthday Party Zone,Extra Sweet Cupcake Colby,,,0.25%
Cowbell,King's Gauntlet,Gauntlet Tier 4,,,21.43%
Fiddler,King's Gauntlet,Gauntlet Tier 4,,,23.46%
Drummer,King's Gauntlet,Gauntlet Tier 4,,,19.74%
Dancer,King's Gauntlet,Gauntlet Tier 4,,,9.87%
Harvester,Seasonal Garden,SUPER|brie+,,,2.29%
Harvester,Seasonal Garden,,,,1.68%
Whirleygig,Seasonal Garden,SUPER|brie+,,,5.87%
Whirleygig,Seasonal Garden,,,,4.67%
Student of the Cheese Fang,Dojo,SUPER|brie+,,,13.41%
Student of the Cheese Fang,Dojo,Maki,,,21.53%
Student of the Cheese Claw,Dojo,Maki,,,19.18%
Student of the Cheese Belt,Dojo,Dumpling Cheese,,,12.44%
Student of the Cheese Belt,Dojo,Maki,,,22.25%
Worker,Training Grounds,SUPER|brie+,,,3.96%
Worker,Dojo,Dumpling Cheese,,,4.22%
Worker,Dojo,SUPER|brie+,,,4.96%
Flying,Town of Gnawnia,Dumpling Cheese,,,7.48%
Flying,Meadow,SUPER|brie+,,,10.87%
Flying,Town of Gnawnia,SUPER|brie+,,,10.70%
Flying,Town of Gnawnia,,,,7.88%
Ninja,Dojo,,Scholar (Charged),,15.38%
Ninja,Dojo,,Candy,,16.00%
Ninja,Mountain,,Dark Chocolate,,20.83%
Ninja,Mountain,Toxic SUPER|brie+,,,15.94%
Ninja,Training Grounds,SUPER|brie+,Candy,,11.54%
Ninja,Dojo,SUPER|brie+,Dark Chocolate,,20.59%
Master Burglar,Bazaar,Gilded,,,16.13%
Master Burglar,Town of Gnawnia,SUPER|brie+,,,3.90%
Master Burglar,Town of Gnawnia,Gilded,,,20.21%
Master Burglar,Bazaar,SUPER|brie+,,,8.06%
Fall Familiar,Seasonal Garden,SUPER|brie+,,,2.20%
Monk,Training Grounds,SUPER|brie+,,,10.02%
Monk,Training Grounds,,,,10.05%
Magic,Town of Gnawnia,SUPER|brie+,,,5.13%
Magic,Harbour,SUPER|brie+,,,2.87%
Magic,King's Arms,SUPER|brie+,,,4.73%
Magic,Town of Gnawnia,Dumpling Cheese,,,1.92%
Archer,Training Grounds,SUPER|brie+,,,23.31%
Archer,Training Grounds,,,,21.38%
Samurai,Dojo,,,,12.31%
Champion,Elub Shore,Shell,,,32.34%
Shelder,S.S. Huntington III,,,,0.28%
Shelder,S.S. Huntington III,Galleon Gouda,,,1.06%
Shelder,S.S. Huntington III,Dumpling Cheese,,,0.99%
Frozen,Mountain,White Cheddar,,,10.33%
Frozen,Mountain,,,,9.77%
Frozen,Mountain,SUPER|brie+,,,5.88%
Assassin,Dojo,Dumpling Cheese,,,5.53%
Stonework Warrior,Jungle of Dread,Magical Havarti,,,99.51%
Abominable Snow,Great Winter Hunt,Nutmeg,,,1.12%
Abominable Snow,Great Winter Hunt,Festive Feta,Winter,,1.80%
Abominable Snow,Great Winter Hunt,Nutmeg,Winter,,1.27%
Paladin,King's Gauntlet,Gauntlet Tier 6,,,21.06%
Necromancer,King's Gauntlet,Gauntlet Tier 7,,,21.77%
Briegull,S.S. Huntington III,,,,12.19%
Captain,S.S. Huntington III,Galleon Gouda,,,22.84%
Harpy,Lagoon,Gnarled,,,1.60%
Harpy,Lagoon,Wicked Gnarly,,,5.19%
Silvertail,Tournament Hall,SUPER|brie+,,,6.93%
Silvertail,Mountain,SUPER|brie+,,,8.73%
Squeaken,S.S. Huntington III,Galleon Gouda,,,10.59%
Cherry,Calm Clearing,Cherry,,,13.61%
Speedy,Windmill,SUPER|brie+,,,8.30%
Speedy,Town of Gnawnia,Dumpling Cheese,,,7.64%
Farmhand,Windmill,SUPER|brie+,,,5.05%
Tiny,King's Arms,SUPER|brie+,,,4.88%
Tiny,Vacant Lot,SUPER|brie+,,,12.59%
Tiny,Meadow,SUPER|brie+,,,11.42%
Mermouse,S.S. Huntington III,Galleon Gouda,,,7.70%
Black Mage,King's Gauntlet,Gauntlet Tier 5,,,11.07%
Swabbie,S.S. Huntington III,Dumpling Cheese,,,7.20%
Swabbie,S.S. Huntington III,,,,2.01%
Wight,Acolyte Realm,Runic,,,9.42%
Chitinous,Jungle of Dread,Pungent Havarti,,,100.00%
Grandfather,Cape Clawed,Gumbo,,,35.09%
Nugget,Town of Digby,Limelight,,,0.78%
Wicked Witch of Whisker Woods,Lagoon,,,,17.97%
Wicked Witch of Whisker Woods,Great Gnarled Tree,Gnarled,,,1.52%
Wicked Witch of Whisker Woods,Lagoon,SUPER|brie+,,,30.42%
Curious Chemist,Great Gnarled Tree,Gnarled,,,24.46%
Balack the Banished,Balack's Cove,Vengeful Vanilla Stilton,,,11.75%
Fog,Harbour,SUPER|brie+,,,2.93%
Fog,Mountain,SUPER|brie+,,,5.66%
Tiger,Great Gnarled Tree,SUPER|brie+,,,1.66%
Tiger,Lagoon,Wicked Gnarly,,,3.32%
Tiger,Lagoon,Gnarled,,,5.19%
Elder,Cape Clawed,Shell,,,36.75%
Silth,Lagoon,Wicked Gnarly,,,9.22%
Cook,S.S. Huntington III,Dumpling Cheese,,,3.74%
Cook,S.S. Huntington III,Dumpling Cheese,Firecracker,,3.37%
Realm Ripper,Forbidden Grove,Radioactive Blue,,,13.41%
Realm Ripper,Forbidden Grove,Ancient,,,10.09%
Pebble,Mountain,SUPER|brie+,,,5.23%
Riptide,Balack's Cove,Vanilla Stilton,,,15.19%
Riptide,Balack's Cove,Vengeful Vanilla Stilton,,,4.32%
Aged,Cape Clawed,Crunchy,,,36.65%
Zombot Unipire,Mousoleum,Undead Emmental,,,11.33%
Zombot Unipire,Catacombs,Undead Emmental,Antiskele,,5.67%
Zombot Unipire,Spooky Sandcastle,Candy Corn,Extra Spooky,,1.79%
Zombot Unipire,Catacombs,Undead Emmental,,,9.98%
Treat,Spooky Sandcastle,Candy Corn,,,12.57%
Treat,Spooky Sandcastle,Candy Corn,Candy,,3.41%
Treat,Spooky Sandcastle,Candy Corn,Extra Spooky,,3.48%
Treat,Spooky Sandcastle,Candy Corn,Spooky,,2.23%
Gourdborg,Spooky Sandcastle,Ghoulgonzola,Extra Spooky,,3.16%
Gourdborg,Spooky Sandcastle,Candy Corn,Spooky,,2.08%
Gourdborg,Spooky Sandcastle,Ghoulgonzola,Spooky,,3.38%
Hope,Training Grounds,SUPER|brie+,,,1.96%
Hope,Training Grounds,,,,0.79%
Toy,Great Winter Hunt,Snowball Bocconcini,,,3.21%
Toy,Great Winter Hunt,Nutmeg,,,3.37%
Toy,Great Winter Hunt,Snowball Bocconcini,Winter,,3.62%
Toy,Great Winter Hunt,Festive Feta,,,3.29%
Candy Cane,Great Winter Hunt,Festive Feta,Winter,,2.84%
Candy Cane,Great Winter Hunt,Snowball Bocconcini,Winter,,2.71%
Candy Cane,Great Winter Hunt,Snowball Bocconcini,,,3.02%
Candy Cane,Great Winter Hunt,Festive Feta,,,3.09%
Present,Great Winter Hunt,SUPER|brie+,Winter,,10.38%
Present,Great Winter Hunt,SUPER|brie+,,,11.48%
Christmas Tree,Great Winter Hunt,Arctic Asiago,,,2.69%
Christmas Tree,Great Winter Hunt,Snowball Bocconcini,,,2.21%
Ornament,Great Winter Hunt,Snowball Bocconcini,Winter,,3.01%
Ornament,Great Winter Hunt,Snowball Bocconcini,,,2.14%
Nutcracker,Great Winter Hunt,Arctic Asiago,Winter,,0.70%
Nutcracker,Great Winter Hunt,Arctic Asiago,,,0.99%
Stocking,Great Winter Hunt,Snowball Bocconcini,,,3.47%
Stocking,Great Winter Hunt,Festive Feta,Winter,,2.43%
Stocking,Great Winter Hunt,Nutmeg,,,3.43%
Stocking,Great Winter Hunt,Seasoned Gouda,,,3.85%
Stocking,Great Winter Hunt,Snowball Bocconcini,Winter,,3.01%
Stocking,Great Winter Hunt,Festive Feta,,,3.28%
Missile Toe,Great Winter Hunt,Arctic Asiago,,,1.50%
Missile Toe,Great Winter Hunt,Arctic Asiago,Winter,,0.65%
Wreath Thief,Great Winter Hunt,Festive Feta,,,3.18%
Wreath Thief,Great Winter Hunt,Festive Feta,Winter,,2.87%
Wreath Thief,Great Winter Hunt,Nutmeg,,,2.73%
Wreath Thief,Great Winter Hunt,Snowball Bocconcini,,,3.05%
Wreath Thief,Great Winter Hunt,Snowball Bocconcini,Winter,,3.34%
Wreath Thief,Great Winter Hunt,Seasoned Gouda,,,3.12%
Snow Fort,Great Winter Hunt,Snowball Bocconcini,,,1.14%
Snow Fort,Great Winter Hunt,Arctic Asiago,,,0.62%
Mouse of Winter Future,Great Winter Hunt,Arctic Asiago,Dark Chocolate,,7.39%
Mouse of Winter Future,Great Winter Hunt,Arctic Asiago,Candy,,11.06%
Mouse of Winter Future,Great Winter Hunt,Arctic Asiago,Winter Hoarder,,6.48%
Mouse of Winter Future,Great Winter Hunt,Arctic Asiago,Firecracker,,7.88%
Slay Ride,Great Winter Hunt,Arctic Asiago,Winter,,0.60%
Slay Ride,Great Winter Hunt,Arctic Asiago,,,1.47%
Squeaker Claws,Great Winter Hunt,Snowball Bocconcini,,,2.77%
Red Envelope,Claw Shot City,Dumpling Cheese,,,2.26%
Birthday,Birthday Party Zone,Extra Sweet Cupcake Colby,,,4.69%
Birthday,Birthday Party Zone,Cupcake Colby,,,5.17%
Pintail,Birthday Party Zone,SUPER|brie+,,,17.03%
Pintail,Birthday Party Zone,,,,20.03%
Terrible Twos,Birthday Party Zone,Cupcake Colby,,,4.10%
Terrible Twos,Birthday Party Zone,Extra Sweet Cupcake Colby,,,3.63%
Buckethead,Birthday Party Zone,,,,19.87%
Sleepwalker,Birthday Party Zone,SUPER|brie+,,,15.40%
Sleepwalker,Birthday Party Zone,,,,20.07%
Desert Soldier,Fiery Warpath,,Warpath Warrior,,18.86%
Desert Soldier,Fiery Warpath,SUPER|brie+,Warpath Warrior,,22.14%
Desert Soldier,Fiery Warpath,SUPER|brie+,Super Warpath Warrior,,27.37%
Desert Archer,Fiery Warpath,,Warpath Archer,,22.20%
Desert Archer,Fiery Warpath,SUPER|brie+,Super Warpath Archer,,22.96%
Desert Archer,Fiery Warpath,SUPER|brie+,Warpath Archer,,22.18%
Vanguard,Fiery Warpath,SUPER|brie+,Super Warpath Scout,,23.81%
Vanguard,Fiery Warpath,SUPER|brie+,Warpath Scout,,19.30%
Vanguard,Fiery Warpath,,Super Warpath Scout,,32.95%
Vanguard,Fiery Warpath,,Warpath Scout,,20.70%
Caravan Guard,Fiery Warpath,,,,4.81%
Crimson Commander,Fiery Warpath,SUPER|brie+,,,3.60%
Crimson Commander,Fiery Warpath,SUPER|brie+,Super Warpath Commander's,,68.91%
Gargantuamouse,Fiery Warpath,,Warpath Commander's,,5.26%
Gargantuamouse,Fiery Warpath,SUPER|brie+,Super Warpath Commander's,,4.62%
Gargantuamouse,Fiery Warpath,SUPER|brie+,Warpath Commander's,,4.82%
Gargantuamouse,Fiery Warpath,SUPER|brie+,Gargantua Guarantee,,60.57%
Flame Archer,Fiery Warpath,SUPER|brie+,Super Warpath Archer,,22.66%
Flame Archer,Fiery Warpath,SUPER|brie+,Warpath Warrior,,2.60%
Flame Archer,Fiery Warpath,SUPER|brie+,Warpath Archer,,30.17%
Flame Archer,Fiery Warpath,,Warpath Archer,,28.83%
Sand Cavalry,Fiery Warpath,,Candy,,13.10%
Sand Cavalry,Fiery Warpath,SUPER|brie+,Super Warpath Cavalry,,26.66%
Sand Cavalry,Fiery Warpath,,Super Warpath Cavalry,,20.53%
Sand Cavalry,Fiery Warpath,SUPER|brie+,Warpath Mage,,19.23%
Sand Cavalry,Fiery Warpath,,Warpath Cavalry,,31.42%
Sand Cavalry,Fiery Warpath,SUPER|brie+,Warpath Cavalry,,31.59%
Sentinel,Fiery Warpath,,Super Warpath Scout,,15.19%
Sentinel,Fiery Warpath,,Warpath Scout,,25.45%
Sentinel,Fiery Warpath,SUPER|brie+,Warpath Scout,,20.41%
Sentinel,Fiery Warpath,SUPER|brie+,Super Warpath Scout,,22.09%
Flame Warrior,Fiery Warpath,,Warpath Warrior,,29.92%
Flame Warrior,Fiery Warpath,SUPER|brie+,Warpath Warrior,,23.05%
Flame Warrior,Fiery Warpath,SUPER|brie+,Super Warpath Warrior,,24.77%
Inferno Mage,Fiery Warpath,,Warpath Mage,,22.72%
Inferno Mage,Fiery Warpath,,Dark Chocolate,,7.50%
Inferno Mage,Fiery Warpath,SUPER|brie+,Super Warpath Mage,,21.97%
Inferno Mage,Fiery Warpath,SUPER|brie+,Warpath Mage,,19.23%
Inferno Mage,Fiery Warpath,,Candy,,4.80%
Crimson Watch,Fiery Warpath,,Warpath Scout,,26.90%
Crimson Watch,Fiery Warpath,SUPER|brie+,Warpath Scout,,21.53%
Crimson Watch,Fiery Warpath,,Super Warpath Scout,,26.07%
Crimson Watch,Fiery Warpath,SUPER|brie+,Super Warpath Scout,,42.65%
Crimson Ranger,Fiery Warpath,SUPER|brie+,Super Warpath Archer,,45.73%
Crimson Ranger,Fiery Warpath,,Warpath Archer,,28.34%
Crimson Ranger,Fiery Warpath,SUPER|brie+,Warpath Archer,,23.28%
Crimson Titan,Fiery Warpath,,,,3.95%
Crimson Titan,Fiery Warpath,,Warpath Warrior,,27.19%
Magmarage,Fiery Warpath,,Warpath Mage,,44.30%
Magmarage,Fiery Warpath,,,,5.22%
Sandwing Cavalry,Fiery Warpath,,Super Warpath Cavalry,,55.79%
Sandwing Cavalry,Fiery Warpath,SUPER|brie+,Super Warpath Cavalry,,60.38%
Sandwing Cavalry,Fiery Warpath,,Warpath Cavalry,,45.18%
Sandwing Cavalry,Fiery Warpath,SUPER|brie+,Warpath Cavalry,,39.32%
Flame Ordnance,Fiery Warpath,,,,7.41%
Flame Ordnance,Fiery Warpath,SUPER|brie+,,,5.30%
Theurgy Warden,Fiery Warpath,Gilded,,,31.25%
Theurgy Warden,Fiery Warpath,Toxic SUPER|brie+,,,48.88%
Theurgy Warden,Fiery Warpath,Mozzarella,,,40.74%
Theurgy Warden,Fiery Warpath,SUPER|brie+,Candy,,33.33%
Warmonger,Fiery Warpath,SUPER|brie+,,,11.60%
Eggsplosive Scientist,Fungal Cavern,Marshmallow Monterey,,,11.25%
Eggsplosive Scientist,Gnawnia Rift,Marshmallow Monterey,,,11.35%
Eggsplosive Scientist,King's Gauntlet,Marshmallow Monterey,,,10.53%
Eggsplosive Scientist,S.S. Huntington III,Marshmallow Monterey,,,10.88%
Coco Commander,Fungal Cavern,Marshmallow Monterey,,,11.01%
Coco Commander,Gnawnia Rift,Marshmallow Monterey,,,11.00%
Coco Commander,Dojo,Marshmallow Monterey,,,11.49%
Coco Commander,S.S. Huntington III,Marshmallow Monterey,,,10.88%
Coco Commander,Muridae Market,Marshmallow Monterey,,,11.76%
Egg Painter,Muridae Market,Marshmallow Monterey,,,21.60%
Egg Painter,Dojo,Marshmallow Monterey,,,21.73%
Egg Painter,Gnawnia Rift,Marshmallow Monterey,,,21.67%
Egg Painter,S.S. Huntington III,Marshmallow Monterey,,,22.37%
Egg Painter,Fungal Cavern,Marshmallow Monterey,,,22.26%
Hare Razer,S.S. Huntington III,Marshmallow Monterey,Dark Chocolate,,8.33%
Hare Razer,Claw Shot City,Marshmallow Monterey,Dark Chocolate,,5.97%
Hare Razer,Fungal Cavern,Marshmallow Monterey,Dark Chocolate,,8.03%
Hare Razer,Gnawnia Rift,Marshmallow Monterey,Dark Chocolate,,8.91%
Hare Razer,Town of Gnawnia,Marshmallow Monterey,Dark Chocolate,,7.88%
Hare Razer,King's Gauntlet,Marshmallow Monterey,Dark Chocolate,,7.98%
Lumberjack,Muridae Market,,Artisan,,13.94%
Lumberjack,Muridae Market,Dumpling Cheese,,,14.85%
Lumberjack,Muridae Market,SUPER|brie+,Artisan,,15.63%
Lumberjack,Muridae Market,SUPER|brie+,,,14.39%
Pie Thief,Muridae Market,,,,14.29%
Pie Thief,Muridae Market,,Artisan,,9.73%
Glass Blower,Muridae Market,,Dark Chocolate,,18.13%
Glass Blower,Muridae Market,,Candy,,11.35%
Glass Blower,Muridae Market,Runny,Artisan,,11.20%
Glass Blower,Muridae Market,SUPER|brie+,Artisan,,12.86%
Glass Blower,Muridae Market,Dumpling Cheese,Artisan,,11.84%
Glass Blower,Muridae Market,,Artisan,,12.07%
Spice Merchant,Muridae Market,SUPER|brie+,,,9.88%
Spice Merchant,Muridae Market,,,,10.17%
Falling Carpet,Muridae Market,,,,9.94%
Falling Carpet,Muridae Market,SUPER|brie+,,,9.87%
Market Guard,Muridae Market,Dumpling Cheese,,,2.76%
Market Guard,Muridae Market,SUPER|brie+,,,8.68%
Market Guard,Muridae Market,,,,7.65%
Snake Charmer,Muridae Market,SUPER|brie+,,,2.79%
Snake Charmer,Muridae Market,Dumpling Cheese,,,3.09%
Snake Charmer,Muridae Market,,,,7.55%
Market Thief,Muridae Market,,,,6.36%
Limestone Miner,Muridae Market,Runny,,,98.84%
Limestone Miner,Muridae Market,SUPER|brie+,Artisan,,17.96%
Limestone Miner,Muridae Market,,Dark Chocolate,,22.11%
Limestone Miner,Muridae Market,,Candy,,23.53%
Limestone Miner,Muridae Market,Dumpling Cheese,Firecracker,,19.51%
Limestone Miner,Muridae Market,Dumpling Cheese,Artisan,,21.22%
Desert Architect,Muridae Market,SUPER|brie+,Artisan,,7.62%
Desert Architect,Muridae Market,Dumpling Cheese,,,6.46%
Desert Architect,Muridae Market,SUPER|brie+,,,6.98%
Mage Weaver,Muridae Market,SUPER|brie+,Artisan,,17.70%
Mage Weaver,Muridae Market,,Artisan,,15.91%
Desert Nomad,Muridae Market,Dumpling Cheese,,,2.79%
Desert Nomad,Muridae Market,SUPER|brie+,,,3.29%
Desert Nomad,Muridae Market,,,,1.33%
Blacksmith,Muridae Market,SUPER|brie+,Artisan,,17.70%
Blacksmith,Muridae Market,,Artisan,,14.49%
Grave Robber,Catacombs,Undead Emmental,Antiskele,,17.76%
Grave Robber,Mousoleum,Undead Emmental,Dark Chocolate,,11.02%
Grave Robber,Catacombs,Undead Emmental,,,13.21%
Grave Robber,Mousoleum,Undead Emmental,,,11.61%
Steam Grip,Crystal Library,SUPER|brie+,,,7.95%
Steam Grip,Crystal Library,,,,8.49%
Tome Sprite,Crystal Library,SUPER|brie+,,,8.66%
Pocketwatch,Crystal Library,,,,18.15%
Pocketwatch,Crystal Library,,Scholar (Charged),,18.87%
Scribe,Crystal Library,Toxic SUPER|brie+,Scholar (Charged),,14.63%
Scribe,Crystal Library,,Candy,,11.43%
Scribe,Crystal Library,,Prospector's,,12.50%
Scribe,Crystal Library,,Scholar (Charged),,8.96%
Scribe,Crystal Library,SUPER|brie+,Candy,,9.73%
Aether,Crystal Library,,,,0.30%
Aether,Crystal Library,SUPER|brie+,,,1.25%
Effervescent,Crystal Library,SUPER|brie+,Scholar (Charged),,14.73%
Effervescent,Crystal Library,,Candy,,22.86%
Effervescent,Crystal Library,Toxic Brie Cheese,,,14.81%
Effervescent,Crystal Library,SUPER|brie+,Prospector's,,17.07%
Effervescent,Crystal Library,Toxic SUPER|brie+,Scholar (Charged),,14.63%
Effervescent,Crystal Library,Toxic SUPER|brie+,,,14.29%
Flutterby,Crystal Library,,,,9.59%
Flutterby,Crystal Library,SUPER|brie+,,,6.34%
Explorator,Crystal Library,SUPER|brie+,,,7.17%
Explorator,Crystal Library,,,,8.76%
Infiltrator,Crystal Library,,,,10.60%
Walker,Crystal Library,SUPER|brie+,,,16.77%
Bookborn,Crystal Library,SUPER|brie+,Scholar (Charged),,13.16%
Bookborn,Crystal Library,,Candy,,12.20%
Bookborn,Crystal Library,,Scholar (Charged),,7.41%
Bookborn,Crystal Library,SUPER|brie+,Prospector's,,8.62%
Crown Collector,Tournament Hall,SUPER|brie+,,,8.46%
Crown Collector,Crystal Library,SUPER|brie+,Scholar (Charged),,7.14%
Crown Collector,Bazaar,SUPER|brie+,,,5.22%
Pumpkin Hoarder,Spooky Sandcastle,Candy Corn,Extra Spooky,,1.05%
Pumpkin Hoarder,Spooky Sandcastle,Candy Corn,Shortcut,,6.42%
Pumpkin Hoarder,Spooky Sandcastle,Ghoulgonzola,Candy,,2.08%
Pumpkin Hoarder,Spooky Sandcastle,Ghoulgonzola,,,15.40%
Pumpkin Hoarder,Spooky Sandcastle,Candy Corn,,,4.20%
Pumpkin Hoarder,Spooky Sandcastle,Ghoulgonzola,Spooky,,10.00%
Mousevina von Vermin,Spooky Sandcastle,Ghoulgonzola,Extra Spooky,,3.98%
Mousevina von Vermin,Spooky Sandcastle,Candy Corn,Extra Spooky,,3.48%
Party Head,Great Winter Hunt,Arctic Asiago,Winter,,0.27%
Party Head,Great Winter Hunt,Arctic Asiago,,,4.80%
Pygmy Wrangler,Jungle of Dread,SUPER|brie+,,,9.39%
Pygmy Wrangler,Jungle of Dread,,,,2.38%
Pygmy Wrangler,Jungle of Dread,Vanilla Stilton,,,7.92%
Dinosuit,Birthday Party Zone,Cupcake Colby,,,9.05%
Dinosuit,Birthday Party Zone,Extra Sweet Cupcake Colby,,,8.32%
Eggscavator,Gnawnia Rift,Marshmallow Monterey,,,10.46%
Eggscavator,S.S. Huntington III,Marshmallow Monterey,,,10.18%
Eggscavator,Fungal Cavern,Marshmallow Monterey,,,9.96%
Eggscavator,Dojo,Marshmallow Monterey,,,10.79%
Wolfskie,Iceberg,SUPER|brie+,,,6.93%
Wolfskie,Iceberg,,,,8.28%
Snow Soldier,Slushy Shoreline,,Softserve,,9.33%
Snow Soldier,Slushy Shoreline,,,,14.04%
Snow Soldier,Slushy Shoreline,SUPER|brie+,,,11.13%
Snow Soldier,Slushy Shoreline,SUPER|brie+,Softserve,,11.98%
Polar Bear,Slushy Shoreline,SUPER|brie+,,,13.95%
Polar Bear,Slushy Shoreline,,,,14.32%
Incompetent Ice Climber,Slushy Shoreline,SUPER|brie+,,,12.60%
Incompetent Ice Climber,Slushy Shoreline,,,,12.23%
Snow Slinger,Iceberg,,Dark Chocolate,,21.95%
Snow Slinger,Iceberg,SUPER|brie+,Candy,,14.16%
Snow Slinger,Iceberg,,Candy,,16.52%
Snow Slinger,Slushy Shoreline,Toxic Brie Cheese,,,18.42%
Chipper,Slushy Shoreline,SUPER|brie+,,,14.58%
Chipper,Slushy Shoreline,,,,17.06%
Chipper,Slushy Shoreline,SUPER|brie+,Softserve,,11.38%
Snow Bowler,Slushy Shoreline,SUPER|brie+,Softserve,,4.49%
Snow Bowler,Slushy Shoreline,SUPER|brie+,,,9.03%
Snow Bowler,Slushy Shoreline,,,,17.35%
Snow Sniper,Slushy Shoreline,,Softserve,,14.72%
Snow Sniper,Slushy Shoreline,SUPER|brie+,Softserve,,8.75%
Icebreaker,Iceberg,,,,6.61%
Icebreaker,Slushy Shoreline,,Softserve,,10.32%
Yeti,Slushy Shoreline,,Softserve,,8.97%
Yeti,Iceberg,,,,1.31%
Saboteur,Slushy Shoreline,,Softserve,,9.22%
Saboteur,Iceberg,,,,3.89%
Saboteur,Iceberg,SUPER|brie+,,,4.60%
Living Ice,Slushy Shoreline,SUPER|brie+,,,19.92%
Living Ice,Slushy Shoreline,SUPER|brie+,Softserve,,19.01%
Princess Fist,Iceberg,,,,2.78%
Princess Fist,Iceberg,SUPER|brie+,,,2.14%
Iceblock,Iceberg,,,,12.65%
Iceblock,Iceberg,SUPER|brie+,,,10.87%
Lord Splodington,Iceberg,SUPER|brie+,,,2.83%
Lord Splodington,Iceberg,,,,2.72%
Lady Coldsnap,Iceberg,,,,2.72%
Lady Coldsnap,Iceberg,SUPER|brie+,,,2.23%
Mammoth,Iceberg,,,,1.00%
Mammoth,Iceberg,SUPER|brie+,,,0.71%
General Drheller,Iceberg,,,,0.37%
General Drheller,Iceberg,SUPER|brie+,,,0.55%
Stickybomber,Iceberg,,,,3.73%
Stickybomber,Iceberg,SUPER|brie+,,,4.08%
Heavy Blaster,Iceberg,SUPER|brie+,,,3.90%
Heavy Blaster,Iceberg,,,,4.20%
Water Wielder,Iceberg,SUPER|brie+,,,1.98%
Water Wielder,Iceberg,,,,1.60%
Snowblind,Iceberg,SUPER|brie+,,,1.80%
Snowblind,Iceberg,,,,2.06%
Iceblade,Iceberg,,,,1.27%
Iceblade,Iceberg,SUPER|brie+,,,0.85%
Frostwing Commander,Iceberg,,,,1.39%
Frostwing Commander,Iceberg,SUPER|brie+,,,3.96%
Frostlance Guard,Iceberg,,,,3.01%
Frostlance Guard,Iceberg,SUPER|brie+,,,5.74%
Icewing,Iceberg,SUPER|brie+,,,1.89%
Icewing,Iceberg,,,,0.92%
Living Salt,Iceberg,,,,2.37%
Living Salt,Iceberg,SUPER|brie+,,,4.44%
Deep,Iceberg,SUPER|brie+,,,2.42%
Deep,Iceberg,,,,1.68%
Chrono,Acolyte Realm,Runic,,,2.22%
Extreme Everysports,Gnawnia Rift,Runny,,,100.00%
Goldleaf,Great Gnarled Tree,SUPER|brie+,,,7.30%
Goldleaf,Great Gnarled Tree,Gnarled,,,5.13%
Goldleaf,Great Gnarled Tree,,,,4.38%
Wild Chainsaw,Spooky Sandcastle,Ghoulgonzola,Spooky,,15.36%
Wild Chainsaw,Spooky Sandcastle,Candy Corn,,,4.66%
Wild Chainsaw,Spooky Sandcastle,Candy Corn,Extra Spooky,,5.23%
Wild Chainsaw,Spooky Sandcastle,Ghoulgonzola,,,0.65%
Wild Chainsaw,Spooky Sandcastle,Ghoulgonzola,Extra Spooky,,5.21%
Wild Chainsaw,Spooky Sandcastle,Candy Corn,Spooky,,7.82%
Wild Chainsaw,Spooky Sandcastle,Candy Corn,Shortcut,,10.62%
Spirit Light,Spooky Sandcastle,,,,16.05%
Spirit Light,Spooky Sandcastle,Ghoulgonzola,,,14.30%
Spirit Light,Spooky Sandcastle,Ghoulgonzola,Candy,,9.90%
Spirit Light,Spooky Sandcastle,Candy Corn,,,4.63%
Spirit Light,Spooky Sandcastle,Ghoulgonzola,Spooky,,1.43%
Swamp Thang,Spooky Sandcastle,Candy Corn,Spooky,,4.40%
Swamp Thang,Spooky Sandcastle,Ghoulgonzola,Extra Spooky,,2.91%
Swamp Thang,Spooky Sandcastle,Candy Corn,Extra Spooky,,4.01%
Thistle,Living Garden,,,,24.24%
Thistle,Living Garden,SUPER|brie+,,,14.40%
Calalilly,Living Garden,SUPER|brie+,,,16.25%
Calalilly,Living Garden,,,,16.10%
Shroom,Living Garden,,,,16.20%
Shroom,Living Garden,Duskshade Camembert,,,16.15%
Shroom,Living Garden,SUPER|brie+,,,14.13%
Strawberry Hotcakes,Living Garden,SUPER|brie+,,,21.17%
Strawberry Hotcakes,Living Garden,,,,10.41%
Bark,Living Garden,SUPER|brie+,,,17.85%
Bark,Living Garden,,,,21.37%
Quesodillo,Sand Dunes,Dewthief Camembert,Grubling Chow,,19.36%
Quesodillo,Sand Dunes,Dewthief Camembert,,,24.98%
Camoflower,Living Garden,Duskshade Camembert,,,7.88%
Camoflower,Living Garden,SUPER|brie+,,,8.70%
Grubling Herder,Sand Dunes,Dewthief Camembert,,,10.90%
Grubling Herder,Sand Dunes,Dewthief Camembert,Grubling Chow,,8.12%
Ethereal Enchanter,Lost City,Dewthief Camembert,,,19.15%
Ethereal Enchanter,Lost City,Dewthief Camembert,Searcher,,25.63%
Spiky Devil,Sand Dunes,Dewthief Camembert,,,19.85%
Spiky Devil,Sand Dunes,Dewthief Camembert,Grubling Chow,,15.02%
Thirsty,Living Garden,SUPER|brie+,,,6.51%
Thirsty,Living Garden,,,,3.26%
Ethereal Librarian,Lost City,Dewthief Camembert,Searcher,,18.28%
Ethereal Librarian,Lost City,Dewthief Camembert,,,20.45%
Ethereal Thief,Lost City,Dewthief Camembert,Searcher,,19.71%
Ethereal Thief,Lost City,Dewthief Camembert,,,16.85%
Ethereal Engineer,Lost City,Dewthief Camembert,,,17.33%
Ethereal Engineer,Lost City,Dewthief Camembert,Searcher,,20.59%
Dunehopper,Sand Dunes,Dewthief Camembert,Grubling Chow,,19.23%
Dunehopper,Sand Dunes,Dewthief Camembert,,,24.64%
Cursed,Lost City,Dewthief Camembert,,,9.45%
Cursed,Lost City,Dewthief Camembert,Searcher,,8.79%
Sand Pilgrim,Sand Dunes,Dewthief Camembert,,,19.24%
Sand Pilgrim,Sand Dunes,Dewthief Camembert,Grubling Chow,,14.27%
Essence Collector,Lost City,Dewthief Camembert,Searcher,,5.46%
Essence Collector,Lost City,Dewthief Camembert,,,16.49%
Carmine the Apothecary,Living Garden,Duskshade Camembert,,,22.21%
Twisted Hotcakes,Twisted Garden,Duskshade Camembert,,,10.01%
Twisted Hotcakes,Living Garden,Duskshade Camembert,,,5.38%
Cursed Engineer,Lost City,Graveblossom Camembert,Safeguard,,16.81%
Cursed Engineer,Cursed City,Graveblossom Camembert,,,16.88%
Cursed Engineer,Cursed City,Graveblossom Camembert,Clarity,,21.57%
Barkshell,Twisted Garden,Duskshade Camembert,,,18.89%
Barkshell,Living Garden,Duskshade Camembert,,,8.89%
Grubling,Sand Dunes,Dewthief Camembert,Grubling Chow,,23.07%
Grubling,Sand Dunes,Dewthief Camembert,,,0.20%
Thorn,Twisted Garden,Duskshade Camembert,,,18.55%
Thorn,Living Garden,Duskshade Camembert,,,10.10%
Twisted Lilly,Twisted Garden,Duskshade Camembert,,,19.90%
Twisted Lilly,Living Garden,Duskshade Camembert,,,9.59%
Camofusion,Living Garden,Lunaria Camembert,,,37.77%
Camofusion,Twisted Garden,Lunaria Camembert,,,33.77%
Cursed Thief,Cursed City,Graveblossom Camembert,Candy,,19.67%
Cursed Thief,Cursed City,Graveblossom Camembert,Shine,,30.74%
Cursed Thief,Cursed City,Graveblossom Camembert,Bravery,,27.92%
Cursed Thief,Cursed City,Graveblossom Camembert,Clarity,,24.37%
Corrupt,Cursed City,Graveblossom Camembert,Shattering,,16.30%
Corrupt,Cursed City,Graveblossom Camembert,,,8.06%
Corrupt,Lost City,Graveblossom Camembert,,,8.65%
Sarcophamouse,Sand Dunes,Graveblossom Camembert,,,22.82%
Sarcophamouse,Sand Crypts,Graveblossom Camembert,,,25.97%
Fungal Spore,Twisted Garden,Lunaria Camembert,,,38.31%
Fungal Spore,Living Garden,Lunaria Camembert,,,33.39%
Fungal Spore,Twisted Garden,Duskshade Camembert,,,14.25%
Serpentine,Sand Dunes,Graveblossom Camembert,,,27.77%
Serpentine,Sand Crypts,Graveblossom Camembert,,,25.05%
Cursed Enchanter,Cursed City,Graveblossom Camembert,,,16.11%
Cursed Enchanter,Cursed City,Graveblossom Camembert,Clarity,,21.01%
Cursed Enchanter,Cursed City,Graveblossom Camembert,Safeguard,,20.07%
Scarab,Sand Crypts,Graveblossom Camembert,,,23.78%
Scarab,Sand Dunes,Graveblossom Camembert,,,22.74%
Cursed Librarian,Cursed City,Graveblossom Camembert,Bravery,,21.99%
Cursed Librarian,Cursed City,Graveblossom Camembert,Safeguard,,23.71%
Cursed Librarian,Cursed City,Graveblossom Camembert,Shine,,22.97%
Cursed Librarian,Lost City,Graveblossom Camembert,Safeguard,,24.51%
Cursed Librarian,Cursed City,Graveblossom Camembert,Clarity,,26.05%
Essence Guardian,Cursed City,Graveblossom Camembert,,,22.60%
Essence Guardian,Cursed City,Graveblossom Camembert,Safeguard,,24.06%
Essence Guardian,Lost City,Graveblossom Camembert,,,24.75%
Essence Guardian,Lost City,Graveblossom Camembert,Safeguard,,24.93%
Sand Colossus,Sand Dunes,Graveblossom Camembert,,,23.14%
Sand Colossus,Sand Crypts,Graveblossom Camembert,,,24.72%
Twisted Carmine,Twisted Garden,Lunaria Camembert,,,29.90%
Twisted Carmine,Twisted Garden,Lunaria Camembert,Shattering,,0.55%
Twisted Carmine,Living Garden,Lunaria Camembert,,,30.85%
Dehydrated,Twisted Garden,Duskshade Camembert,,,3.53%
Dehydrated,Living Garden,Duskshade Camembert,,,1.95%
King Grub,Sand Crypts,Graveblossom Camembert,,,0.39%
King Grub,Sand Crypts,Graveblossom Camembert,Grub Scent,,92.25%
King Grub,Sand Dunes,Graveblossom Camembert,,,3.24%
Snowglobe,Great Winter Hunt,Nutmeg,Winter,,4.04%
Snowglobe,Great Winter Hunt,Snowball Bocconcini,Winter,,2.92%
Snowglobe,Great Winter Hunt,Seasoned Gouda,,,3.14%
Snowglobe,Great Winter Hunt,Festive Feta,Winter,,3.38%
Ridiculous Sweater,Great Winter Hunt,Arctic Asiago,Candy,,3.52%
Ridiculous Sweater,Great Winter Hunt,Arctic Asiago,Prospector's,,4.70%
Shattered Carmine,Twisted Garden,Lunaria Camembert,Shattering,,29.54%
Shattered Carmine,Living Garden,Lunaria Camembert,Shattering,,28.83%
Shattered Carmine,Twisted Garden,Lunaria Camembert,,,0.32%
Dark Magi,Cursed City,Graveblossom Camembert,,,0.20%
Dark Magi,Cursed City,Graveblossom Camembert,Shattering,,79.01%
King Scarab,Sand Dunes,Graveblossom Camembert,,,0.61%
King Scarab,Sand Crypts,Graveblossom Camembert,,,0.19%
Force Fighter Blue,Birthday Party Zone,Cupcake Colby,,,9.73%
Force Fighter Yellow,Birthday Party Zone,Extra Sweet Cupcake Colby,,,8.51%
Force Fighter Yellow,Birthday Party Zone,Cupcake Colby,,,10.24%
Force Fighter Red,Birthday Party Zone,Cupcake Colby,,,10.07%
Force Fighter Pink,Birthday Party Zone,Cupcake Colby,,,10.29%
Force Fighter Green,Birthday Party Zone,Extra Sweet Cupcake Colby,,,8.44%
Pyrite,Claw Shot City,SUPER|brie+,,,3.08%
Pyrite,Claw Shot City,Dumpling Cheese,,,4.43%
Pyrite,Claw Shot City,,Sheriff's Badge,,1.02%
Pyrite,Claw Shot City,Dumpling Cheese,Prospector's,,4.54%
Tumbleweed,Claw Shot City,,,,15.57%
Shopkeeper,Claw Shot City,,Sheriff's Badge,,14.60%
Shopkeeper,Claw Shot City,,,,15.87%
Shopkeeper,Claw Shot City,SUPER|brie+,,,17.54%
Shopkeeper,Claw Shot City,,Prospector's,,12.40%
Prospector,Claw Shot City,Dumpling Cheese,Prospector's,,10.93%
Prospector,Claw Shot City,,Prospector's,,14.51%
Prospector,Claw Shot City,Dumpling Cheese,,,9.77%
Saloon Gal,Claw Shot City,SUPER|brie+,Sheriff's Badge,,18.61%
Saloon Gal,Claw Shot City,SUPER|brie+,,,15.78%
Saloon Gal,Claw Shot City,SUPER|brie+,Prospector's,,16.58%
Ruffian,Claw Shot City,,,,16.36%
Ruffian,Claw Shot City,SUPER|brie+,,,14.99%
Ruffian,Claw Shot City,,Sheriff's Badge,,16.03%
Lasso Cowgirl,Claw Shot City,,Prospector's,,15.32%
Lasso Cowgirl,Claw Shot City,,,,14.64%
Lasso Cowgirl,Claw Shot City,,Sheriff's Badge,,17.08%
Bartender,Gnawnian Express Station,,Dusty Coal,,2.80%
Bartender,Gnawnian Express Station,,Prospector's,,3.04%
Bartender,Gnawnian Express Station,,Supply Schedule,,3.10%
Bartender,Gnawnian Express Station,,Roof Rack,,1.80%
Bartender,Gnawnian Express Station,SUPER|brie+,,,3.62%
Stagecoach Driver,Claw Shot City,SUPER|brie+,,,1.39%
Stagecoach Driver,Claw Shot City,,Sheriff's Badge,,0.57%
Stagecoach Driver,Claw Shot City,,,,0.44%
Stagecoach Driver,Claw Shot City,,Prospector's,,1.33%
Stuffy Banker,Gnawnian Express Station,SUPER|brie+,Magmatic Crystal,,3.20%
Stuffy Banker,Gnawnian Express Station,,,,3.48%
Stuffy Banker,Gnawnian Express Station,,Prospector's,,4.78%
Tonic Salesman,Gnawnian Express Station,,Prospector's,,3.91%
Tonic Salesman,Gnawnian Express Station,SUPER|brie+,Dusty Coal,,2.55%
Tonic Salesman,Gnawnian Express Station,,,,2.70%
Tonic Salesman,Gnawnian Express Station,SUPER|brie+,,,3.88%
Undertaker,Claw Shot City,,,,0.37%
Undertaker,Claw Shot City,,Prospector's,,0.58%
Undertaker,Claw Shot City,SUPER|brie+,,,1.31%
Undertaker,Claw Shot City,,Sheriff's Badge,,0.44%
Cardshark,Claw Shot City,,Sheriff's Badge,,0.73%
Cardshark,Claw Shot City,,,,0.64%
Cardshark,Claw Shot City,SUPER|brie+,,,0.55%
Cardshark,Claw Shot City,,Prospector's,,0.92%
Upper Class Lady,Gnawnian Express Station,,,,3.55%
Upper Class Lady,Gnawnian Express Station,,Prospector's,,3.91%
Circuit Judge,Claw Shot City,,,,0.71%
Circuit Judge,Claw Shot City,,Prospector's,,0.81%
Circuit Judge,Claw Shot City,SUPER|brie+,,,0.63%
Desperado,Claw Shot City,SUPER|brie+,,,0.67%
Desperado,Claw Shot City,,Prospector's,,0.46%
Desperado,Claw Shot City,,,,0.93%
Outlaw,Claw Shot City,,Prospector's,,1.50%
Outlaw,Claw Shot City,,Sheriff's Badge,,0.44%
Outlaw,Claw Shot City,,,,0.89%
Travelling Barber,Gnawnian Express Station,,,,8.82%
Travelling Barber,Gnawnian Express Station,SUPER|brie+,,,7.45%
Travelling Barber,Gnawnian Express Station,,Prospector's,,11.88%
Photographer,Gnawnian Express Station,,Prospector's,,13.62%
Photographer,Gnawnian Express Station,,,,8.36%
Photographer,Gnawnian Express Station,,Supply Schedule,,7.18%
Mysterious Traveller,Gnawnian Express Station,,,,9.08%
Mysterious Traveller,Gnawnian Express Station,,Prospector's,,11.59%
Passenger,Gnawnian Express Station,SUPER|brie+,Greasy Glob,,12.64%
Passenger,Gnawnian Express Station,,Dusty Coal,,7.35%
Passenger,Gnawnian Express Station,Toxic SUPER|brie+,Black Powder,,8.18%
Passenger,Gnawnian Express Station,,Prospector's,,10.43%
Passenger,Gnawnian Express Station,,Magmatic Crystal,,11.55%
Passenger,Gnawnian Express Station,SUPER|brie+,Door Guard,,7.91%
Train Conductor,Gnawnian Express Station,,,,8.40%
Train Conductor,Gnawnian Express Station,,Black Powder,,6.75%
Train Conductor,Gnawnian Express Station,,Prospector's,,11.45%
Stowaway,Gnawnian Express Station,SUPER|brie+,Dusty Coal,,3.90%
Stowaway,Gnawnian Express Station,,Black Powder,,3.57%
Stowaway,Gnawnian Express Station,SUPER|brie+,,,4.01%
Stowaway,Gnawnian Express Station,SUPER|brie+,Black Powder,,3.00%
Stowaway,Gnawnian Express Station,SUPER|brie+,Door Guard,,4.65%
Automorat,Gnawnian Express Station,,Roof Rack,,6.53%
Automorat,Gnawnian Express Station,,Greasy Glob,,5.96%
Automorat,Gnawnian Express Station,SUPER|brie+,,,2.00%
Automorat,Gnawnian Express Station,,,,1.87%
Mouse With No Name,Gnawnian Express Station,,Roof Rack,,12.39%
Mouse With No Name,Gnawnian Express Station,,,,0.81%
Mouse With No Name,Gnawnian Express Station,,Greasy Glob,,12.84%
Mouse With No Name,Gnawnian Express Station,SUPER|brie+,,,1.33%
Sharpshooter,Gnawnian Express Station,,,,1.27%
Sharpshooter,Gnawnian Express Station,,Roof Rack,,12.84%
Sharpshooter,Gnawnian Express Station,SUPER|brie+,,,1.35%
Sharpshooter,Gnawnian Express Station,,Greasy Glob,,10.78%
Steel Horse Rider,Gnawnian Express Station,,Roof Rack,,9.46%
Steel Horse Rider,Gnawnian Express Station,,,,0.99%
Steel Horse Rider,Gnawnian Express Station,SUPER|brie+,,,1.21%
Steel Horse Rider,Gnawnian Express Station,,Greasy Glob,,9.63%
Stoutgear,Gnawnian Express Station,,Roof Rack,,4.05%
Stoutgear,Gnawnian Express Station,,Greasy Glob,,4.36%
Stoutgear,Gnawnian Express Station,SUPER|brie+,,,2.12%
Stoutgear,Gnawnian Express Station,,,,2.13%
Supply Hoarder,Gnawnian Express Station,SUPER|brie+,,,9.20%
Supply Hoarder,Gnawnian Express Station,,,,5.50%
Supply Hoarder,Gnawnian Express Station,,Supply Schedule,,3.36%
Dangerous Duo,Gnawnian Express Station,,Door Guard,,7.02%
Dangerous Duo,Gnawnian Express Station,SUPER|brie+,Door Guard,,4.65%
Dangerous Duo,Gnawnian Express Station,SUPER|brie+,Greasy Glob,,3.79%
Dangerous Duo,Gnawnian Express Station,,Greasy Glob,,8.03%
Dangerous Duo,Gnawnian Express Station,,Roof Rack,,7.66%
Dangerous Duo,Gnawnian Express Station,SUPER|brie+,Roof Rack,,5.77%
Black Powder Thief,Gnawnian Express Station,SUPER|brie+,Black Powder,,23.25%
Black Powder Thief,Gnawnian Express Station,,Black Powder,,19.05%
Train Engineer,Gnawnian Express Station,SUPER|brie+,Dusty Coal,,16.37%
Train Engineer,Gnawnian Express Station,,Black Powder,,17.26%
Train Engineer,Gnawnian Express Station,SUPER|brie+,Black Powder,,14.00%
Train Engineer,Gnawnian Express Station,,Magmatic Crystal,,8.30%
Train Engineer,Gnawnian Express Station,SUPER|brie+,Magmatic Crystal,,14.78%
Train Engineer,Gnawnian Express Station,,Dusty Coal,,15.14%
Warehouse Manager,Gnawnian Express Station,,Supply Schedule,,9.13%
Cannonball,Gnawnian Express Station,,Greasy Glob,,5.73%
Cannonball,Gnawnian Express Station,,,,2.72%
Cannonball,Gnawnian Express Station,,Roof Rack,,7.66%
Crate Camo,Gnawnian Express Station,,Prospector's,,1.01%
Crate Camo,Gnawnian Express Station,,Supply Schedule,,12.50%
Crate Camo,Gnawnian Express Station,,,,4.18%
Crate Camo,Gnawnian Express Station,SUPER|brie+,,,3.80%
Cute Crate Carrier,Gnawnian Express Station,,,,6.02%
Cute Crate Carrier,Gnawnian Express Station,,Supply Schedule,,20.67%
Cute Crate Carrier,Gnawnian Express Station,SUPER|brie+,,,5.88%
Fuel,Gnawnian Express Station,,Magmatic Crystal,,7.58%
Fuel,Gnawnian Express Station,,Dusty Coal,,9.27%
Fuel,Gnawnian Express Station,SUPER|brie+,Black Powder,,10.25%
Fuel,Gnawnian Express Station,SUPER|brie+,Magmatic Crystal,,9.36%
Fuel,Gnawnian Express Station,,Black Powder,,8.93%
Fuel,Gnawnian Express Station,SUPER|brie+,Dusty Coal,,10.06%
Hookshot,Gnawnian Express Station,SUPER|brie+,,,2.53%
Hookshot,Gnawnian Express Station,,Greasy Glob,,8.03%
Hookshot,Gnawnian Express Station,,Roof Rack,,6.98%
Hookshot,Gnawnian Express Station,,Supply Schedule,,1.28%
Hookshot,Gnawnian Express Station,,,,2.09%
Magmatic Crystal Thief,Gnawnian Express Station,SUPER|brie+,Magmatic Crystal,,20.94%
Magmatic Crystal Thief,Gnawnian Express Station,,Magmatic Crystal,,13.00%
Magmatic Golem,Gnawnian Express Station,Toxic SUPER|brie+,Magmatic Crystal,,6.52%
Magmatic Golem,Gnawnian Express Station,,Magmatic Crystal,,3.61%
Magmatic Golem,Gnawnian Express Station,SUPER|brie+,Magmatic Crystal,,5.67%
Mutated Brown,Forbidden Grove,Radioactive Blue,,,11.29%
Mutated Brown,Forbidden Grove,Rancid Radioactive Blue,,,12.73%
Gluttonous Zombie,Mousoleum,Rancid Radioactive Blue,Brain,,6.78%
Gluttonous Zombie,Mousoleum,Undead Emmental,Brain,,7.40%
Gluttonous Zombie,Mousoleum,Undead Emmental,Super Brain,,10.53%
Sugar Rush,Spooky Sandcastle,Candy Corn,Shortcut,,2.96%
Sugar Rush,Spooky Sandcastle,Candy Corn,Extra Spooky,,7.49%
Sugar Rush,Spooky Sandcastle,Candy Corn,Spooky,,8.56%
Sugar Rush,Spooky Sandcastle,Ghoulgonzola,Shortcut,,5.78%
Sugar Rush,Spooky Sandcastle,Ghoulgonzola,Extra Spooky,,6.28%
Swamp Runner,Birthday Party Zone,Extra Sweet Cupcake Colby,,,0.25%
Swamp Runner,Toxic Spill,Rancid Radioactive Blue,,,1.75%
Spore,Toxic Spill,Rancid Radioactive Blue,,,2.19%
Spore,Toxic Spill,Rancid Radioactive Blue,Super Rotten,,4.63%
Monster Tail,Toxic Spill,Rancid Radioactive Blue,,,2.68%
Monster Tail,Toxic Spill,Rancid Radioactive Blue,Rotten,,7.42%
Monster Tail,Toxic Spill,Rancid Radioactive Blue,Super Rotten,,5.21%
Monster Tail,Birthday Party Zone,Extra Sweet Cupcake Colby,,,0.25%
Sludge,Toxic Spill,Rancid Radioactive Blue,Super Rotten,,3.87%
Sludge,Toxic Spill,Rancid Radioactive Blue,,,3.62%
Sludge,Birthday Party Zone,Extra Sweet Cupcake Colby,,,0.28%
Sludge,Toxic Spill,Rancid Radioactive Blue,Rotten,,0.91%
Bog Beast,Toxic Spill,Rancid Radioactive Blue,,,1.01%
Bog Beast,Toxic Spill,Rancid Radioactive Blue,Rotten,,2.12%
Bog Beast,Toxic Spill,Rancid Radioactive Blue,Super Rotten,,1.90%
Bog Beast,Birthday Party Zone,Extra Sweet Cupcake Colby,,,0.41%
Gelatinous Octahedron,Toxic Spill,Rancid Radioactive Blue,,,3.64%
Gelatinous Octahedron,Toxic Spill,Rancid Radioactive Blue,Super Rotten,,6.69%
Gelatinous Octahedron,Toxic Spill,Rancid Radioactive Blue,Rotten,,7.64%
Sludge Soaker,Birthday Party Zone,Extra Sweet Cupcake Colby,,,0.24%
Sludge Soaker,Toxic Spill,Rancid Radioactive Blue,Rotten,,9.52%
Sludge Soaker,Toxic Spill,Rancid Radioactive Blue,Super Rotten,,1.37%
Plague Hag,Toxic Spill,Rancid Radioactive Blue,,,6.42%
Plague Hag,Toxic Spill,Rancid Radioactive Blue,Rotten,,10.55%
Plague Hag,Toxic Spill,Rancid Radioactive Blue,Super Rotten,,1.65%
Scrap Metal Monster,Toxic Spill,Rancid Radioactive Blue,Rotten,,3.93%
Scrap Metal Monster,Toxic Spill,Rancid Radioactive Blue,,,3.37%
Scrap Metal Monster,Toxic Spill,Rancid Radioactive Blue,Super Rotten,,4.92%
Mutant Ninja,Toxic Spill,Rancid Radioactive Blue,Rotten,,3.45%
Mutant Ninja,Toxic Spill,Rancid Radioactive Blue,,,4.44%
Tentacle,Toxic Spill,Rancid Radioactive Blue,Super Rotten,,6.93%
Tentacle,Toxic Spill,Rancid Radioactive Blue,,,5.37%
Tentacle,Toxic Spill,Rancid Radioactive Blue,Rotten,,4.26%
Biohazard,Toxic Spill,Rancid Radioactive Blue,,,5.12%
Biohazard,Toxic Spill,Rancid Radioactive Blue,Super Rotten,,0.80%
Biohazard,Toxic Spill,Rancid Radioactive Blue,Rotten,,4.32%
Telekinetic Mutant,Toxic Spill,Rancid Radioactive Blue,Rotten,,6.81%
Telekinetic Mutant,Toxic Spill,Rancid Radioactive Blue,Super Rotten,,10.90%
Telekinetic Mutant,Toxic Spill,Rancid Radioactive Blue,,,8.67%
Toxic Warrior,Toxic Spill,Rancid Radioactive Blue,,,9.41%
Toxic Warrior,Toxic Spill,Rancid Radioactive Blue,Super Rotten,,8.95%
Toxic Warrior,Toxic Spill,Rancid Radioactive Blue,Rotten,,4.30%
Outbreak Assassin,Toxic Spill,Rancid Radioactive Blue,,,8.57%
Outbreak Assassin,Toxic Spill,Rancid Radioactive Blue,Super Rotten,,8.64%
Outbreak Assassin,Toxic Spill,Rancid Radioactive Blue,Rotten,,4.36%
Slimefist,Toxic Spill,Rancid Radioactive Blue,,,9.09%
Slimefist,Toxic Spill,Rancid Radioactive Blue,Super Rotten,,9.24%
Slimefist,Toxic Spill,Rancid Radioactive Blue,Rotten,,4.48%
Mutant Mongrel,Toxic Spill,Rancid Radioactive Blue,Rotten,,3.70%
Mutant Mongrel,Toxic Spill,Rancid Radioactive Blue,,,7.63%
Mutant Mongrel,Toxic Spill,Rancid Radioactive Blue,Super Rotten,,7.92%
Dance Party,Birthday Party Zone,Cupcake Colby,,,9.14%
Dance Party,Birthday Party Zone,Extra Sweet Cupcake Colby,,,6.23%
Para Para Dancer,Birthday Party Zone,,,,11.27%
Para Para Dancer,Birthday Party Zone,SUPER|brie+,,,15.44%
Micro,Gnawnia Rift,Magical String,,,12.97%
Micro,Gnawnia Rift,Brie String,,,1.89%
Micro,Gnawnia Rift,Dumpling Cheese,,,7.98%
Brawny,NOT FOUND,Swiss String,,,8.00%
Brawny,Gnawnia Rift,Swiss String,,,19.22%
Brawny,Gnawnia Rift,Brie String,,,14.05%
Brawny,Gnawnia Rift,Magical String,,,10.70%
Riftweaver,Gnawnia Rift,Swiss String,,,10.54%
Riftweaver,Gnawnia Rift,Brie String,,,14.40%
Riftweaver,Gnawnia Rift,Magical String,,,9.77%
Greyrun,Birthday Party Zone,Extra Sweet Cupcake Colby,,,0.25%
Greyrun,Gnawnia Rift,Brie String,,,13.24%
Dream Drifter,Gnawnia Rift,Brie String,,,1.15%
Dream Drifter,Gnawnia Rift,Dumpling Cheese,,,8.24%
Dream Drifter,Gnawnia Rift,Magical String,,,7.71%
Excitable Electric,Gnawnia Rift,Magical String,,,8.42%
Excitable Electric,Gnawnia Rift,Brie String,,,12.68%
Excitable Electric,Gnawnia Rift,Swiss String,,,10.93%
Supernatural,Gnawnia Rift,Brie String,,,12.21%
Supernatural,Gnawnia Rift,Swiss String,,,8.99%
Supernatural,Gnawnia Rift,Magical String,,,8.11%
Agitated Gentle Giant,Gnawnia Rift,Brie String,,,13.67%
Agitated Gentle Giant,Gnawnia Rift,Dumpling Cheese,,,5.65%
Agitated Gentle Giant,Gnawnia Rift,Magical String,,,8.63%
Agitated Gentle Giant,Gnawnia Rift,Swiss String,,,19.46%
Mighty Mole,Gnawnia Rift,Swiss String,,,6.82%
Mighty Mole,Gnawnia Rift,Magical String,,,5.46%
Mighty Mole,Gnawnia Rift,Brie String,,,1.55%
Mighty Mole,Gnawnia Rift,Dumpling Cheese,,,5.62%
Rift Guardian,Furoma Rift,Swiss String,,,7.67%
Rift Guardian,Gnawnia Rift,Riftiago,,,15.83%
Rift Guardian,NOT FOUND,Swiss String,,,8.28%
Spiritual Steel,Gnawnia Rift,Riftiago,,,24.98%
Spiritual Steel,Gnawnia Rift,Dumpling Cheese,,,8.70%
Shard Centurion,Gnawnia Rift,Riftiago,,,23.79%
Shard Centurion,Gnawnia Rift,Dumpling Cheese,,,8.54%
Cyborg,Gnawnia Rift,Dumpling Cheese,,,6.69%
Cyborg,Gnawnia Rift,Riftiago,,,25.06%
Wealth,NOT FOUND,Magical String,,,9.00%
Wealth,Furoma Rift,Swiss String,,,7.75%
Wealth,Furoma Rift,Magical String,,,7.70%
Wealth,NOT FOUND,Swiss String,,,7.97%
Raw Diamond,NOT FOUND,Magical String,,,8.31%
Goliath Field,Gnawnia Rift,Resonator,,,99.48%
City Noble,Sunken City,Fishy Fromage,,,5.06%
Enginseer,Sunken City,Fishy Fromage,,,19.35%
Sunken Citizen,Sunken City,Fishy Fromage,,,9.94%
City Worker,Sunken City,Fishy Fromage,,,9.44%
Hydrologist,Sunken City,Fishy Fromage,,,19.65%
Hydrologist,Birthday Party Zone,Extra Sweet Cupcake Colby,,,0.23%
Elite Guardian,Sunken City,Fishy Fromage,,,15.73%
Clumsy Carrier,Sunken City,Fishy Fromage,,,13.68%
Clumsy Carrier,Birthday Party Zone,Extra Sweet Cupcake Colby,,,0.12%
Oxygen Baron,Sunken City,Fishy Fromage,,,5.30%
Mlounder Flounder,Sunken City,,,,0.59%
Mlounder Flounder,Sunken City,SUPER|brie+,,,0.77%
Clownfish,Sunken City,SUPER|brie+,,,0.60%
Clownfish,Sunken City,,,,0.51%
Manatee,Sunken City,,,,1.61%
Manatee,Sunken City,SUPER|brie+,,,1.58%
Cuttle,Sunken City,SUPER|brie+,,,1.56%
Cuttle,Sunken City,,,,1.83%
Puffer,Sunken City,,,,1.75%
Puffer,Sunken City,SUPER|brie+,,,1.44%
Stingray,Sunken City,,Prospector's,,3.86%
Stingray,Sunken City,SUPER|brie+,Prospector's,,7.47%
Stingray,Sunken City,,Candy,,6.33%
Stingray,Sunken City,,Dark Chocolate,,4.20%
Jellyfish,Sunken City,,,,3.72%
Jellyfish,Sunken City,SUPER|brie+,,,3.11%
Koimaid,Sunken City,SUPER|brie+,,,3.04%
Koimaid,Sunken City,,,,3.74%
Eel,Sunken City,,,,4.10%
Eel,Sunken City,SUPER|brie+,,,4.47%
Angelfish,Sunken City,,,,3.72%
Angelfish,Sunken City,SUPER|brie+,,,4.07%
Betta,Sunken City,,,,3.60%
Bottom Feeder,Sunken City,,,,0.27%
Bottom Feeder,Sunken City,SUPER|brie+,,,0.50%
Crabolia,Sunken City,SUPER|brie+,,,0.86%
Crabolia,Sunken City,,,,0.92%
Barnacle Beautician,Sunken City,SUPER|brie+,,,0.87%
Barnacle Beautician,Sunken City,,,,0.92%
Dread Pirate Mousert,Sunken City,,,,0.60%
Dread Pirate Mousert,Sunken City,SUPER|brie+,,,0.40%
Pirate Anchor,Sunken City,SUPER|brie+,,,1.89%
Pirate Anchor,Sunken City,,,,2.04%
Deep Sea Diver,Sunken City,SUPER|brie+,,,1.75%
Swashblade,Sunken City,SUPER|brie+,,,1.48%
Swashblade,Sunken City,,,,1.54%
Sunken Banshee,Sunken City,,,,1.54%
Sunken Banshee,Sunken City,SUPER|brie+,,,1.62%
Deranged Deckhand,Sunken City,SUPER|brie+,,,1.36%
Coral Cuddler,Sunken City,,,,0.29%
Coral Cuddler,Sunken City,SUPER|brie+,,,0.44%
Coral,Sunken City,SUPER|brie+,,,0.70%
Coral,Sunken City,,,,0.81%
School of Mish,Sunken City,SUPER|brie+,,,0.39%
School of Mish,Sunken City,,,,0.38%
Octomermaid,Sunken City,,,,2.21%
Octomermaid,Sunken City,SUPER|brie+,,,1.91%
Mershark,Sunken City,,,,2.17%
Mershark,Sunken City,SUPER|brie+,,,1.98%
Angler,Sunken City,,,,1.50%
Angler,Sunken City,SUPER|brie+,,,1.69%
Old One,Sunken City,,,,1.55%
Old One,Sunken City,SUPER|brie+,,,1.47%
Captain Croissant,Windmill,,,,1.05%
Captain Croissant,Windmill,SUPER|brie+,,,0.37%
Captain Croissant,Windmill,Grilled,,,99.64%
Amplified White,Burroughs Rift,Swiss String,,,2.80%
Amplified White,Burroughs Rift,Brie String,,,1.06%
Amplified White,Burroughs Rift,Brie String,Brain,,0.51%
Amplified White,Burroughs Rift,Magical String,,,1.92%
Amplified Grey,Burroughs Rift,Brie String,,,1.05%
Amplified Grey,Burroughs Rift,Brie String,Brain,,0.39%
Amplified Grey,Burroughs Rift,Swiss String,,,2.59%
Amplified Grey,Burroughs Rift,Magical String,,,1.74%
Amplified Brown,Burroughs Rift,Brie String,Brain,,0.34%
Amplified Brown,Burroughs Rift,Magical String,,,1.63%
Amplified Brown,Burroughs Rift,Swiss String,,,7.97%
Cybernetic Specialist,Burroughs Rift,Brie String,,,1.07%
Cybernetic Specialist,Burroughs Rift,Magical String,,,1.77%
Cybernetic Specialist,Burroughs Rift,Swiss String,,,10.06%
Automated Sentry,Burroughs Rift,Brie String,,,3.19%
Automated Sentry,Burroughs Rift,Swiss String,,,6.74%
Automated Sentry,Burroughs Rift,Magical String,,,3.48%
Surgeon Bot,Burroughs Rift,Brie String,,,2.97%
Surgeon Bot,Burroughs Rift,Swiss String,,,4.14%
Surgeon Bot,Burroughs Rift,Magical String,,,5.12%
Surgeon Bot,Burroughs Rift,Brie String,Brain,,1.46%
Rift Bio Engineer,Burroughs Rift,Swiss String,,,9.85%
Rift Bio Engineer,Burroughs Rift,Brie String,,,2.03%
Portable Generator,Burroughs Rift,Magical String,Brain,,0.48%
Portable Generator,Burroughs Rift,Magical String,,,5.03%
Evil Scientist,Burroughs Rift,Swiss String,,,2.87%
Evil Scientist,Burroughs Rift,Brie String,,,4.01%
Evil Scientist,Burroughs Rift,Brie String,Brain,,1.80%
Evil Scientist,Burroughs Rift,Magical String,,,4.90%
Doktor,Burroughs Rift,Magical String,,,6.91%
Doktor,Burroughs Rift,Swiss String,,,2.57%
Doktor,Burroughs Rift,Brie String,,,3.79%
Prototype,Burroughs Rift,Magical String,,,3.07%
Prototype,Burroughs Rift,Brie String,,,3.39%
Robat,Burroughs Rift,Magical String,,,3.82%
Robat,Burroughs Rift,Swiss String,,,3.08%
Robat,Burroughs Rift,Brie String,,,4.60%
Phase Zombie,Burroughs Rift,Undead String Emmental,,,13.61%
Phase Zombie,Burroughs Rift,Undead String Emmental,Brain,,19.47%
Phase Zombie,Burroughs Rift,Brie String,Brain,,16.51%
Count Vampire,Burroughs Rift,Undead String Emmental,,,9.85%
Tech Ravenous Zombie,Burroughs Rift,Undead String Emmental,Super Brain,,22.95%
Tech Ravenous Zombie,Burroughs Rift,Magical String,Brain,,26.09%
Tech Ravenous Zombie,Burroughs Rift,Undead String Emmental,Brain,,21.34%
Tech Ravenous Zombie,Burroughs Rift,Brie String,Brain,,25.12%
Zombot Unipire the Third,Burroughs Rift,Brie String,Brain,,14.86%
Zombot Unipire the Third,Burroughs Rift,Magical String,Brain,,16.63%
Zombot Unipire the Third,Burroughs Rift,Undead String Emmental,Brain,,14.39%
Lycanoid,Burroughs Rift,Brie String,Brain,,9.05%
Lycanoid,Burroughs Rift,Brie String,,,12.25%
Lycanoid,Burroughs Rift,Magical String,,,10.16%
Revenant,Burroughs Rift,Undead String Emmental,,,17.42%
Revenant,Burroughs Rift,Undead String Emmental,Brain,,12.49%
Pneumatic Dirt Displacement,Burroughs Rift,Terre Ricotta,,,5.92%
Itty Bitty Rifty Burroughs,Burroughs Rift,Terre Ricotta,,,7.31%
Rifterranian,Burroughs Rift,Terre Ricotta,,,8.21%
Clump,Burroughs Rift,Terre Ricotta,,,8.92%
Cyber Miner,Burroughs Rift,Terre Ricotta,,,9.98%
Lambent,Burroughs Rift,Terre Ricotta,,,11.84%
Master Exploder,Burroughs Rift,Polluted Parmesan,,,0.06%
Master Exploder,Burroughs Rift,Terre Ricotta,,,16.02%
Boulder Biter,Burroughs Rift,Terre Ricotta,,,19.65%
Mecha Tail,Burroughs Rift,Polluted Parmesan,Candy,,1.02%
Mecha Tail,Burroughs Rift,Polluted Parmesan,,,6.06%
Radioactive Ooze,Burroughs Rift,Polluted Parmesan,Candy,,2.04%
Radioactive Ooze,Burroughs Rift,Polluted Parmesan,,,5.65%
Toxikinetic,Burroughs Rift,Polluted Parmesan,,,7.80%
Toxic Avenger,Burroughs Rift,Terre Ricotta,,,0.04%
Toxic Avenger,Burroughs Rift,Polluted Parmesan,,,11.53%
Rancid Bog Beast,Burroughs Rift,Polluted Parmesan,,,10.79%
Super Mega Mecha Ultra RoboGold,Burroughs Rift,Polluted Parmesan,,,11.49%
Plutonium Tentacle,Burroughs Rift,Polluted Parmesan,,,13.13%
Assassin Beast,Burroughs Rift,Polluted Parmesan,,,13.02%
Monstrous Abomination,Burroughs Rift,Swiss String,,,8.50%
Monstrous Abomination,Burroughs Rift,Magical String,,,7.35%
Monstrous Abomination,Burroughs Rift,Brie String,,,6.59%
Big Bad Behemoth Burroughs,Burroughs Rift,Polluted Parmesan,,,0.10%
Big Bad Behemoth Burroughs,Burroughs Rift,Terre Ricotta,,,12.08%
Tricky Witch,Spooky Sandcastle,Candy Corn,Extra Spooky,,6.62%
Tricky Witch,Spooky Sandcastle,Candy Corn,,,3.41%
Tricky Witch,Spooky Sandcastle,Ghoulgonzola,,,7.54%
Tricky Witch,Spooky Sandcastle,,,,5.25%
Tricky Witch,Spooky Sandcastle,Ghoulgonzola,Spooky,,16.43%
Tricky Witch,Spooky Sandcastle,Candy Corn,Shortcut,,1.23%
Tricky Witch,Spooky Sandcastle,Ghoulgonzola,Extra Spooky,,5.67%
Candy Cat,Spooky Sandcastle,Ghoulgonzola,Spooky,,10.36%
Candy Cat,Spooky Sandcastle,Candy Corn,Spooky,,6.85%
Candy Cat,Spooky Sandcastle,Candy Corn,,,2.47%
Candy Cat,Spooky Sandcastle,,,,5.48%
Candy Cat,Spooky Sandcastle,Ghoulgonzola,Extra Spooky,,5.21%
Candy Cat,Spooky Sandcastle,Candy Corn,Extra Spooky,,4.18%
Candy Cat,Spooky Sandcastle,Ghoulgonzola,,,1.43%
Shortcut,Spooky Sandcastle,Ghoulgonzola,Spooky,,3.57%
Shortcut,Spooky Sandcastle,Candy Corn,Extra Spooky,,3.66%
Shortcut,Spooky Sandcastle,Candy Corn,Shortcut,,2.72%
Candy Goblin,Spooky Sandcastle,Ghoulgonzola,Spooky,,7.14%
Candy Goblin,Spooky Sandcastle,Ghoulgonzola,Extra Spooky,,4.13%
Candy Goblin,Spooky Sandcastle,Candy Corn,Spooky,,3.67%
Candy Goblin,Spooky Sandcastle,Ghoulgonzola,,,1.61%
Mossy Moosker,Whisker Woods Rift,Swiss String,,,6.08%
Mossy Moosker,Whisker Woods Rift,Magical String,Gnarled,,5.52%
Mossy Moosker,Whisker Woods Rift,Brie String,Cherry,,6.10%
Mossy Moosker,Whisker Woods Rift,Magical String,Cherry,,5.68%
Mossy Moosker,Whisker Woods Rift,Brie String,,,8.19%
Mossy Moosker,Whisker Woods Rift,Magical String,Stagnant,,4.51%
Crazed Goblin,Whisker Woods Rift,Swiss String,,,6.08%
Crazed Goblin,Whisker Woods Rift,Magical String,Cherry,,5.51%
Crazed Goblin,Whisker Woods Rift,Magical String,Gnarled,,5.13%
Crazed Goblin,Whisker Woods Rift,Brie String,,,8.01%
Crazed Goblin,Whisker Woods Rift,Brie String,Stagnant,,6.22%
Crazed Goblin,Whisker Woods Rift,Magical String,Stagnant,,5.31%
Fungal Frog,Whisker Woods Rift,Magical String,,,6.54%
Fungal Frog,Whisker Woods Rift,Magical String,Gnarled,,6.53%
Fungal Frog,Whisker Woods Rift,Swiss String,,,9.87%
Fungal Frog,Whisker Woods Rift,Magical String,Stagnant,,5.71%
Fungal Frog,Whisker Woods Rift,Brie String,,,8.14%
Cranky Caterpillar,Whisker Woods Rift,Brie String,Cherry,,6.89%
Cranky Caterpillar,Whisker Woods Rift,Magical String,Cherry,,6.02%
Cranky Caterpillar,Whisker Woods Rift,Swiss String,,,6.15%
Cranky Caterpillar,Whisker Woods Rift,Brie String,,,7.67%
Karmachameleon,Whisker Woods Rift,Magical String,Stagnant,,5.44%
Karmachameleon,Whisker Woods Rift,Swiss String,,,5.27%
Karmachameleon,Whisker Woods Rift,Brie String,,,8.31%
Karmachameleon,Whisker Woods Rift,Magical String,,,7.71%
Spirit of Balance,Whisker Woods Rift,Magical String,Gnarled,,6.53%
Spirit of Balance,Whisker Woods Rift,Magical String,,,6.78%
Spirit of Balance,Whisker Woods Rift,Swiss String,,,10.29%
Spirit of Balance,Whisker Woods Rift,Brie String,,,8.26%
Twisted Treant,Whisker Woods Rift,Swiss String,,,6.90%
Twisted Treant,Whisker Woods Rift,Magical String,Stagnant,,5.44%
Twisted Treant,Whisker Woods Rift,Magical String,,,6.31%
Twisted Treant,Whisker Woods Rift,Brie String,,,8.20%
Twisted Treant,Whisker Woods Rift,Magical String,Cherry,,4.92%
Bloomed Sylvan,Whisker Woods Rift,Swiss String,,,6.46%
Bloomed Sylvan,Whisker Woods Rift,Magical String,,,7.21%
Bloomed Sylvan,Whisker Woods Rift,Brie String,,,8.13%
Water Sprite,Whisker Woods Rift,Brie String,Gnarled,,6.18%
Water Sprite,Whisker Woods Rift,Swiss String,,,6.27%
Water Sprite,Whisker Woods Rift,Brie String,Cherry,,5.31%
Water Sprite,Whisker Woods Rift,Brie String,,,8.28%
Water Sprite,Whisker Woods Rift,Magical String,Stagnant,,5.44%
Gilded Leaf,Whisker Woods Rift,Magical String,Stagnant,,5.44%
Gilded Leaf,Whisker Woods Rift,Magical String,,,6.02%
Gilded Leaf,Whisker Woods Rift,Magical String,Cherry,,4.66%
Gilded Leaf,Whisker Woods Rift,Magical String,Gnarled,,4.90%
Red Coat Bear,Whisker Woods Rift,Magical String,Gnarled,,6.60%
Red Coat Bear,Whisker Woods Rift,Lactrodectus Lancashire,,,3.42%
Red Coat Bear,Whisker Woods Rift,Brie String,Gnarled,,6.76%
Red Coat Bear,Whisker Woods Rift,Brie String,Cherry,,5.15%
Red Coat Bear,Whisker Woods Rift,Swiss String,,,4.90%
Red Coat Bear,Whisker Woods Rift,Brie String,Stagnant,,5.07%
Medicine,Whisker Woods Rift,Brie String,Cherry,,3.72%
Medicine,Whisker Woods Rift,Magical String,Stagnant,,6.04%
Medicine,Whisker Woods Rift,Magical String,,,3.62%
Medicine,Whisker Woods Rift,Brie String,Stagnant,,5.22%
Medicine,Whisker Woods Rift,Brie String,Gnarled,,4.09%
Treant Queen,Whisker Woods Rift,Brie String,Cherry,,3.96%
Treant Queen,Whisker Woods Rift,Magical String,Gnarled,,3.11%
Treant Queen,Whisker Woods Rift,Magical String,Cherry,,5.85%
Treant Queen,Whisker Woods Rift,Magical String,,,2.29%
Treant Queen,Whisker Woods Rift,Brie String,Stagnant,,4.61%
Treant Queen,Whisker Woods Rift,Brie String,Gnarled,,5.33%
Spirit Fox,Whisker Woods Rift,Magical String,,,3.71%
Spirit Fox,Whisker Woods Rift,Brie String,Stagnant,,3.76%
Spirit Fox,Whisker Woods Rift,Swiss String,,,3.58%
Spirit Fox,Whisker Woods Rift,Magical String,Cherry,,5.59%
Spirit Fox,Whisker Woods Rift,Brie String,Gnarled,,5.61%
Spirit Fox,Whisker Woods Rift,Brie String,Cherry,,5.39%
Red-Eyed Watcher Owl,Whisker Woods Rift,Magical String,,,4.00%
Red-Eyed Watcher Owl,Whisker Woods Rift,Magical String,Gnarled,,3.11%
Red-Eyed Watcher Owl,Whisker Woods Rift,Brie String,Gnarled,,5.04%
Red-Eyed Watcher Owl,Whisker Woods Rift,Brie String,Cherry,,5.39%
Red-Eyed Watcher Owl,Whisker Woods Rift,Magical String,Cherry,,5.76%
Rift Tiger,Whisker Woods Rift,Swiss String,,,4.65%
Rift Tiger,Whisker Woods Rift,Magical String,,,4.19%
Rift Tiger,Whisker Woods Rift,Magical String,Gnarled,,5.13%
Rift Tiger,Whisker Woods Rift,Brie String,Cherry,,4.60%
Rift Tiger,Whisker Woods Rift,Brie String,Stagnant,,4.84%
Rift Tiger,Whisker Woods Rift,Brie String,Gnarled,,4.57%
Nomadic Warrior,Whisker Woods Rift,Magical String,Stagnant,,2.85%
Nomadic Warrior,Whisker Woods Rift,Magical String,Cherry,,3.56%
Nomadic Warrior,Whisker Woods Rift,Swiss String,,,4.02%
Nomadic Warrior,Whisker Woods Rift,Brie String,Stagnant,,4.07%
Nomadic Warrior,Whisker Woods Rift,Brie String,Gnarled,,4.95%
Nomadic Warrior,Whisker Woods Rift,Brie String,Cherry,,4.20%
Nomadic Warrior,Whisker Woods Rift,Magical String,Gnarled,,5.67%
Tree Troll,Whisker Woods Rift,Swiss String,,,3.71%
Tree Troll,Whisker Woods Rift,Brie String,,,2.61%
Tree Troll,Whisker Woods Rift,Magical String,Stagnant,,6.30%
Tree Troll,Whisker Woods Rift,Brie String,Cherry,,4.75%
Tree Troll,Whisker Woods Rift,Brie String,Stagnant,,4.61%
Tree Troll,Whisker Woods Rift,Magical String,,,4.79%
Winged Harpy,Whisker Woods Rift,Magical String,Stagnant,,6.30%
Winged Harpy,Whisker Woods Rift,Brie String,Cherry,,3.64%
Winged Harpy,Whisker Woods Rift,Brie String,Stagnant,,6.07%
Winged Harpy,Whisker Woods Rift,Brie String,Gnarled,,5.71%
Winged Harpy,Whisker Woods Rift,Magical String,,,4.34%
Cyclops Barbarian,Whisker Woods Rift,Magical String,Cherry,,2.46%
Cyclops Barbarian,Whisker Woods Rift,Brie String,Cherry,,1.11%
Cyclops Barbarian,Whisker Woods Rift,Brie String,,,2.24%
Cyclops Barbarian,Whisker Woods Rift,Magical String,,,3.22%
Cyclops Barbarian,Whisker Woods Rift,Swiss String,,,1.69%
Centaur Ranger,Whisker Woods Rift,Magical String,Stagnant,,0.27%
Centaur Ranger,Whisker Woods Rift,Magical String,,,2.44%
Centaur Ranger,Whisker Woods Rift,Swiss String,,,2.58%
Centaur Ranger,Whisker Woods Rift,Brie String,Gnarled,,0.48%
Centaur Ranger,Whisker Woods Rift,Magical String,Gnarled,,3.26%
Tri-dra,Whisker Woods Rift,Magical String,Stagnant,,4.05%
Tri-dra,Whisker Woods Rift,Magical String,Gnarled,,1.09%
Tri-dra,Whisker Woods Rift,Magical String,Cherry,,0.34%
Tri-dra,Whisker Woods Rift,Swiss String,,,1.57%
Tri-dra,Whisker Woods Rift,Magical String,,,1.94%
Cherry Sprite,Whisker Woods Rift,Magical String,Cherry,,11.27%
Cherry Sprite,Whisker Woods Rift,Brie String,Cherry,,10.66%
Naturalist,Whisker Woods Rift,Magical String,Gnarled,,9.95%
Naturalist,Whisker Woods Rift,Brie String,Gnarled,,9.90%
Grizzled Silth,Whisker Woods Rift,Magical String,Stagnant,,10.35%
Grizzled Silth,Whisker Woods Rift,Brie String,Stagnant,,10.22%
Grizzled Silth,Whisker Woods Rift,Magical String,Gnarled,,0.31%
Grizzled Silth,Whisker Woods Rift,Brie String,,,0.07%
Monstrous Black Widow,Whisker Woods Rift,Magical String,,,0.16%
Cupcake Runner,Birthday Party Zone,Extra Sweet Cupcake Colby,,,2.43%
Cupcake Runner,Birthday Party Zone,Cupcake Colby,,,1.19%
Cupcake Cutie,Birthday Party Zone,Extra Sweet Cupcake Colby,,,3.82%
Sporeticus,Fungal Cavern,SUPER|brie+,,,1.04%
Sporeticus,Fungal Cavern,,,,1.32%
Spore Muncher,Fungal Cavern,,,,2.26%
Mouldy Mole,Fungal Cavern,,Firecracker,,3.55%
Mouldy Mole,Fungal Cavern,,Prospector's,,12.50%
Mouldy Mole,Fungal Cavern,Brie String,,,6.78%
Mouldy Mole,Fungal Cavern,,Candy,,10.26%
Mouldy Mole,Fungal Cavern,Gilded,,,4.35%
Spiked Burrower,Fungal Cavern,Toxic SUPER|brie+,,,6.98%
Spiked Burrower,Fungal Cavern,,Firecracker,,7.10%
Spiked Burrower,Fungal Cavern,Gilded,,,6.76%
Spiked Burrower,Fungal Cavern,SUPER|brie+,Firecracker,,7.57%
Spiked Burrower,Fungal Cavern,SUPER|brie+,Candy,,8.26%
Spiked Burrower,Fungal Cavern,SUPER|brie+,Prospector's,,6.61%
Spiked Burrower,Fungal Cavern,Brie String,,,5.08%
Bitter Root,Fungal Cavern,,Prospector's,,9.09%
Bitter Root,Fungal Cavern,SUPER|brie+,Candy,,6.42%
Bitter Root,Fungal Cavern,SUPER|brie+,Prospector's,,9.92%
Bitter Root,Fungal Cavern,SUPER|brie+,Firecracker,,10.76%
Bitter Root,Fungal Cavern,Toxic SUPER|brie+,,,8.14%
Bitter Root,Fungal Cavern,,Firecracker,,9.56%
Bitter Root,Fungal Cavern,Gilded,,,10.14%
Bitter Root,Fungal Cavern,Brie String,,,6.78%
Mush,Fungal Cavern,SUPER|brie+,Firecracker,,12.35%
Mush,Fungal Cavern,Brie String,,,13.56%
Mush,Fungal Cavern,,Firecracker,,13.93%
Mush,Fungal Cavern,,Candy,,19.23%
Mush,Fungal Cavern,SUPER|brie+,Prospector's,,11.57%
Mush,Fungal Cavern,Gilded,,,16.91%
Mush,Fungal Cavern,Toxic SUPER|brie+,,,11.63%
Quillback,Fungal Cavern,,,,8.99%
Lumahead,Fungal Cavern,,Firecracker,,14.75%
Lumahead,Fungal Cavern,Gilded,,,12.56%
Lumahead,Fungal Cavern,Toxic SUPER|brie+,,,17.44%
Lumahead,Fungal Cavern,SUPER|brie+,Firecracker,,13.94%
Lumahead,Fungal Cavern,Brie String,,,11.86%
Lumahead,Fungal Cavern,,Candy,,14.10%
Lumahead,Fungal Cavern,SUPER|brie+,Candy,,21.10%
Funglore,Fungal Cavern,SUPER|brie+,,,12.10%
Funglore,Fungal Cavern,,,,12.08%
Mushroom Sprite,Fungal Cavern,,,,8.56%
Floating Spore,Fungal Cavern,Dumpling Cheese,,,19.65%
Nightshade Masquerade,Fungal Cavern,Dumpling Cheese,,,6.76%
Nightshade Masquerade,Fungal Cavern,SUPER|brie+,,,6.59%
Cavern Crumbler,Fungal Cavern,Glowing Gruyere,,,11.95%
Stone Maiden,Fungal Cavern,Glowing Gruyere,,,20.25%
Crag Elder,Fungal Cavern,Dumpling Cheese,Firecracker,,10.21%
Crag Elder,Fungal Cavern,Glowing Gruyere,,,19.01%
Dirt Thing,Fungal Cavern,Glowing Gruyere,,,17.14%
Crystalline Slasher,Fungal Cavern,Glowing Gruyere,,,17.72%
Splintered Stone Sentry,Fungal Cavern,Glowing Gruyere,,,4.68%
Shattered Obsidian,Fungal Cavern,Glowing Gruyere,,,6.20%
Gemstone Worshipper,Fungal Cavern,Glowing Gruyere,,,2.69%
Gemorpher,Fungal Cavern,Glowing Gruyere,,,0.06%
Gemorpher,Fungal Cavern,Mineral,,,27.37%
Crystal Controller,Fungal Cavern,Mineral,,,24.89%
Crystalback,Fungal Cavern,Mineral,,,23.91%
Crystal Cave Worm,Fungal Cavern,Mineral,,,5.84%
Stalagmite,Fungal Cavern,Mineral,,,14.62%
Crystal Golem,Fungal Cavern,Gemstone,,,6.59%
Crystal Queen,Fungal Cavern,Mineral,,,1.01%
Crystal Queen,Fungal Cavern,Gemstone,,,35.12%
Crystal Lurker,Fungal Cavern,Mineral,,,1.14%
Crystal Lurker,Fungal Cavern,Glowing Gruyere,,,0.04%
Crystal Lurker,Fungal Cavern,Gemstone,,,29.39%
Crystal Observer,Fungal Cavern,Gemstone,,,25.77%
Crystal Observer,Fungal Cavern,Mineral,,,1.20%
Huntereater,Fungal Cavern,Glowing Gruyere,,,0.05%
Huntereater,Fungal Cavern,Gemstone,,,1.50%
Diamondhide,Fungal Cavern,Diamond,,,10.09%
Diamondhide,Fungal Cavern,Gemstone,,,1.26%
Lost Legionnaire,Labyrinth,,,,15.34%
Lost Legionnaire,Labyrinth,Glowing Gruyere,,,14.32%
Lost,Labyrinth,Glowing Gruyere,,,16.14%
Lost,Labyrinth,,,,14.00%
Corridor Bruiser,Labyrinth,Glowing Gruyere,,,15.19%
Shadow Stalker,Labyrinth,,Athlete,,20.21%
Shadow Stalker,Zokor,,Dark Chocolate,,20.37%
Shadow Stalker,Zokor,,Candy,,22.50%
Shadow Stalker,Zokor,SUPER|brie+,Candy,,22.13%
Shadow Stalker,Zokor,Candy Corn,Candy,,24.32%
Drudge,Labyrinth,Glowing Gruyere,Firecracker,,19.74%
Drudge,Labyrinth,,Firecracker,,11.18%
Drudge,Labyrinth,Glowing Gruyere,Candy,,27.69%
Masked Pikeman,Labyrinth,Glowing Gruyere,Firecracker,,19.74%
Masked Pikeman,Labyrinth,Glowing Gruyere,Candy,,18.82%
Masked Pikeman,Labyrinth,,Candy,,13.76%
Reanimated Carver,Zokor,,,,10.35%
Reanimated Carver,Zokor,Glowing Gruyere,,,12.02%
Hired Eidolon,Labyrinth,Brie String,,,5.54%
Hired Eidolon,Labyrinth,Glowing Gruyere,Prospector's,,3.70%
Hired Eidolon,Labyrinth,Glowing Gruyere,Candy,,6.34%
Mushroom Harvester,Labyrinth,SUPER|brie+,,,5.18%
Mushroom Harvester,Labyrinth,,,,4.30%
RR-8,Labyrinth,Toxic SUPER|brie+,,,9.26%
RR-8,Labyrinth,Glowing Gruyere,Dark Chocolate,,11.78%
RR-8,Labyrinth,,Athlete,,15.96%
RR-8,Labyrinth,Brie String,,,10.00%
Summoning Scholar,Labyrinth,Glowing Gruyere,Firecracker,,18.86%
Summoning Scholar,Labyrinth,Glowing Gruyere,Candy,,11.00%
Summoning Scholar,Labyrinth,Glowing Gruyere,Prospector's,,11.33%
Ash Golem,Labyrinth,NOT FOUND,,,16.22%
Ash Golem,Zokor,,Prospector's,,12.20%
Ash Golem,Labyrinth,Glowing Gruyere,Dark Chocolate,,12.35%
Ash Golem,Labyrinth,Toxic Brie Cheese,,,20.93%
Ash Golem,Labyrinth,Glowing Gruyere,Winter,,11.48%
Mimic,Labyrinth,Glowing Gruyere,Candy,,8.01%
Mimic,Labyrinth,SUPER|brie+,,,1.41%
Mush Monster,Zokor,Glowing Gruyere,,,5.33%
Mush Monster,Labyrinth,,,,5.05%
Mush Monster,Labyrinth,SUPER|brie+,,,5.61%
Sanguinarian,Labyrinth,,Candy,,9.22%
Sanguinarian,Labyrinth,Glowing Gruyere,Prospector's,,8.43%
Sanguinarian,Labyrinth,,Prospector's,,15.20%
Sanguinarian,Labyrinth,Glowing Gruyere,Firecracker,,14.04%
Sanguinarian,Labyrinth,Ghoulgonzola,,,8.66%
Mystic Guardian,Labyrinth,Glowing Gruyere,Prospector's,,2.65%
Mystic Guardian,Labyrinth,Glowing Gruyere,Firecracker,,3.07%
Mystic Guardian,Zokor,Candy Corn,Candy,,3.17%
Mystic Guardian,Zokor,Toxic Brie Cheese,,,5.33%
Nightshade Nanny,Zokor,,,,2.51%
Nightshade Nanny,Zokor,Glowing Gruyere,,,2.46%
Solemn Soldier,Labyrinth,,Prospector's,,3.57%
Solemn Soldier,Labyrinth,Glowing Gruyere,Candy,,3.85%
Solemn Soldier,Zokor,Glowing Gruyere,Prospector's,,2.73%
Solemn Soldier,Labyrinth,Glowing Gruyere,Firecracker,,5.70%
Tech Golem,Zokor,SUPER|brie+,,,1.87%
Tech Golem,Zokor,Glowing Gruyere,Candy,,2.06%
Treasure Brawler,Zokor,Glowing Gruyere,,,1.28%
Matron of Wealth,Zokor,Glowing Gruyere,,,1.33%
Automated Stone Sentry,Zokor,,Prospector's,,6.78%
Automated Stone Sentry,Zokor,Glowing Gruyere,Firecracker,,6.94%
Automated Stone Sentry,Zokor,SUPER|brie+,Dark Chocolate,,5.48%
Automated Stone Sentry,Labyrinth,Glowing Gruyere,Prospector's,,6.88%
Automated Stone Sentry,Labyrinth,SUPER|brie+,Prospector's,,5.31%
Automated Stone Sentry,Labyrinth,Toxic SUPER|brie+,,,9.26%
Mind Tearer,Labyrinth,Glowing Gruyere,Prospector's,,8.47%
Mind Tearer,Zokor,Glowing Gruyere,Prospector's,,4.30%
Mystic Herald,Zokor,Glowing Gruyere,Candy,,3.25%
Mystic Herald,Zokor,,,,1.60%
Nightshade Fungalmancer,Zokor,Glowing Gruyere,,,3.86%
Nightshade Fungalmancer,Zokor,,,,1.85%
Nightshade Fungalmancer,Zokor,SUPER|brie+,,,1.42%
Fungal Technomorph,Zokor,,Candy,,1.75%
Fungal Technomorph,Zokor,Glowing Gruyere,Candy,,1.63%
Fungal Technomorph,Labyrinth,Glowing Gruyere,Prospector's,,5.29%
Molten Midas,Zokor,Glowing Gruyere,,,6.00%
Molten Midas,Zokor,SUPER|brie+,,,2.15%
Molten Midas,Zokor,,,,1.86%
Mystic Scholar,Zokor,Glowing Gruyere,,,1.63%
Dark Templar,Zokor,SUPER|brie+,,,2.41%
Dark Templar,Zokor,Glowing Gruyere,,,1.82%
Battle Cleric,Zokor,SUPER|brie+,,,6.24%
Battle Cleric,Zokor,,Candy,,9.98%
Ethereal Guardian,Zokor,Glowing Gruyere,,,6.53%
Exo-Tech,Zokor,Glowing Gruyere,,,7.02%
Ancient Scribe,Zokor,Glowing Gruyere,,,5.50%
Sir Fleekio,Zokor,Glowing Gruyere,,,6.41%
Matron of Machinery,Zokor,Glowing Gruyere,Prospector's,,12.50%
Matron of Machinery,Zokor,Glowing Gruyere,Candy,,7.65%
Manaforge Smith,Zokor,,,,0.38%
Manaforge Smith,Zokor,Glowing Gruyere,Candy,,0.95%
Paladin Weapon Master,Zokor,Glowing Gruyere,,,0.50%
Soul Binder,Zokor,,,,0.33%
Soul Binder,Zokor,Glowing Gruyere,,,0.55%
Decrepit Tentacle Terror,Zokor,SUPER|brie+,,,6.79%
Decrepit Tentacle Terror,Zokor,Glowing Gruyere,,,3.84%
Decrepit Tentacle Terror,Zokor,,,,6.27%
Retired Minotaur,Zokor,SUPER|brie+,,,2.38%
Retired Minotaur,Zokor,,,,2.22%
Retired Minotaur,Zokor,Glowing Gruyere,,,1.31%
Teenage Vampire,Spooky Sandcastle,,,,9.08%
Teenage Vampire,Spooky Sandcastle,Candy Corn,Spooky,,8.56%
Teenage Vampire,Spooky Sandcastle,Candy Corn,Shortcut,,15.31%
Teenage Vampire,Spooky Sandcastle,Candy Corn,,,4.94%
Teenage Vampire,Spooky Sandcastle,Ghoulgonzola,Extra Spooky,,0.92%
Maize Harvester,Spooky Sandcastle,Ghoulgonzola,,,17.96%
Maize Harvester,Spooky Sandcastle,Candy Corn,Extra Spooky,,1.74%
Maize Harvester,Spooky Sandcastle,Candy Corn,Shortcut,,13.09%
Maize Harvester,Spooky Sandcastle,Candy Corn,,,4.48%
Maize Harvester,Spooky Sandcastle,Ghoulgonzola,Extra Spooky,,1.84%
Spectral Butler,Spooky Sandcastle,Candy Corn,Shortcut,,18.02%
Spectral Butler,Spooky Sandcastle,Ghoulgonzola,,,2.49%
Spectral Butler,Spooky Sandcastle,Candy Corn,Extra Spooky,,2.61%
Spectral Butler,Spooky Sandcastle,Candy Corn,Spooky,,15.65%
Spectral Butler,Spooky Sandcastle,Candy Corn,,,4.91%
Spectral Butler,Spooky Sandcastle,Ghoulgonzola,Extra Spooky,,1.68%
Gourd Ghoul,Spooky Sandcastle,Ghoulgonzola,Candy,,20.31%
Gourd Ghoul,Spooky Sandcastle,Ghoulgonzola,Shortcut,,32.95%
Gourd Ghoul,Spooky Sandcastle,Candy Corn,Shortcut,,17.53%
Gourd Ghoul,Spooky Sandcastle,Candy Corn,Spooky,,9.78%
Gourd Ghoul,Spooky Sandcastle,Ghoulgonzola,,,15.89%
Gourd Ghoul,Spooky Sandcastle,Ghoulgonzola,Extra Spooky,,0.77%
Gourd Ghoul,Spooky Sandcastle,Candy Corn,,,30.98%
Enlightened Labourer,NOT FOUND,Magical String,,,4.06%
Enlightened Labourer,Furoma Rift,Brie String,,,1.21%
Enlightened Labourer,Furoma Rift,Magical String,,,3.51%
Dumpling Delivery,Furoma Rift,Magical String,,,16.79%
Dumpling Delivery,NOT FOUND,Magical String,,,18.76%
Armored Archer,NOT FOUND,Swiss String,,,15.34%
Armored Archer,Furoma Rift,Swiss String,,,17.92%
Armored Archer,Furoma Rift,Magical String,,,15.60%
Armored Archer,NOT FOUND,Magical String,,,16.90%
Shinobi,NOT FOUND,Magical String,,,18.36%
Shinobi,Furoma Rift,Swiss String,,,19.14%
Shinobi,NOT FOUND,Swiss String,,,19.09%
Shaolin Kung Fu,Furoma Rift,Magical String,,,6.62%
Shaolin Kung Fu,NOT FOUND,Maki String Cheese,,,10.76%
Shaolin Kung Fu,Furoma Rift,Maki String Cheese,,,11.49%
Shaolin Kung Fu,Furoma Rift,Brie String,,,7.64%
Wandering Monk,Furoma Rift,Brie String,,,7.08%
Militant Samurai,Furoma Rift,Maki String Cheese,,,5.40%
Militant Samurai,Furoma Rift,Magical String,,,5.46%
Militant Samurai,Furoma Rift,Swiss String,,,5.57%
Militant Samurai,Furoma Rift,Brie String,,,6.21%
Student of the Chi Fang,NOT FOUND,Maki String Cheese,,,17.38%
Student of the Chi Fang,Furoma Rift,Brie String,,,6.87%
Student of the Chi Fang,Furoma Rift,Maki String Cheese,,,18.21%
Student of the Chi Claw,Furoma Rift,Brie String,,,6.77%
Student of the Chi Claw,NOT FOUND,Maki String Cheese,,,17.94%
Student of the Chi Claw,Furoma Rift,Maki String Cheese,,,18.43%
Student of the Chi Belt,Furoma Rift,Maki String Cheese,,,17.66%
Student of the Chi Belt,NOT FOUND,Maki String Cheese,,,18.15%
Student of the Chi Belt,Furoma Rift,Maki String Cheese,Candy,,19.16%
Dancing Assassin,Furoma Rift,Magical String,,,1.82%
Dancing Assassin,Furoma Rift,Maki String Cheese,,,5.86%
Dancing Assassin,NOT FOUND,Maki String Cheese,,,5.73%
Dancing Assassin,Furoma Rift,Swiss String,,,2.10%
Master of the Chi Fang,Furoma Rift,Master Fusion Cheese,Candy,,31.94%
Master of the Chi Fang,Furoma Rift,Rift Combat Cheese,,,99.50%
Master of the Chi Fang,NOT FOUND,Master Fusion Cheese,,,32.69%
Master of the Chi Fang,Furoma Rift,Master Fusion Cheese,,,31.75%
Master of the Chi Belt,Furoma Rift,Master Fusion Cheese,Candy,,36.51%
Master of the Chi Belt,Furoma Rift,Rift Glutter Cheese,,,99.48%
Master of the Chi Belt,Furoma Rift,Master Fusion Cheese,,,33.22%
Master of the Chi Belt,NOT FOUND,Master Fusion Cheese,,,34.08%
Ascended Elder,Furoma Rift,Ascended Cheese,,,99.52%
Grand Master of the Dojo,NOT FOUND,Rift Rumble Cheese,,,99.59%
Grand Master of the Dojo,Furoma Rift,Rift Rumble Cheese,,,99.65%
Grand Master of the Dojo,Furoma Rift,Rift Glutter Cheese,,,0.15%
Supreme Sensei,Furoma Rift,Null Onyx Gorgonzola,,,99.49%
Supreme Sensei,Furoma Rift,Rift Rumble Cheese,,,0.22%
Master of the Chi Claw,Furoma Rift,Rift Susheese,,,99.53%
Master of the Chi Claw,Furoma Rift,Master Fusion Cheese,Candy,,31.55%
Master of the Chi Claw,Furoma Rift,Master Fusion Cheese,,,34.77%
Master of the Chi Claw,NOT FOUND,Master Fusion Cheese,,,33.02%
Creepy Marionette,Spooky Sandcastle,Candy Corn,Extra Spooky,,6.97%
Creepy Marionette,Spooky Sandcastle,Ghoulgonzola,Candy,,2.60%
Creepy Marionette,Spooky Sandcastle,Candy Corn,,,2.29%
Creepy Marionette,Spooky Sandcastle,Candy Corn,Shortcut,,1.48%
Creepy Marionette,Spooky Sandcastle,Candy Corn,Spooky,,8.31%
Creepy Marionette,Spooky Sandcastle,Ghoulgonzola,Extra Spooky,,7.96%
Creepy Marionette,Spooky Sandcastle,Ghoulgonzola,,,2.26%
Meteorite Snacker,Fort Rox,,,,11.47%
Meteorite Snacker,Fort Rox,SUPER|brie+,,,13.02%
Hardworking Hauler,Fort Rox,,,,17.45%
Hardworking Hauler,Fort Rox,SUPER|brie+,,,11.47%
Mining Materials Manager,Fort Rox,SUPER|brie+,,,8.89%
Mining Materials Manager,Fort Rox,SUPER|brie+,Candy,,13.18%
Mischievous Meteorite Miner,Fort Rox,SUPER|brie+,,,18.53%
Mischievous Meteorite Miner,Fort Rox,,,,28.43%
Meteorite Miner,Fort Rox,,,,28.43%
Meteorite Mover,Fort Rox,,Firecracker,,4.10%
Meteorite Mover,Fort Rox,Mozzarella,,,8.54%
Meteorite Mover,Fort Rox,,Dark Chocolate,,4.00%
Meteorite Mover,Fort Rox,Brie String,,,6.58%
Meteorite Mover,Fort Rox,,Prospector's,,4.89%
Night Shift Materials Manager,Fort Rox,Crescent Cheese,,,4.42%
Werehauler,Fort Rox,Crescent Cheese,,,10.36%
Alpha Weremouse,Fort Rox,Moon,,,7.24%
Alpha Weremouse,Fort Rox,Crescent Cheese,,,8.39%
Mischievous Wereminer,Fort Rox,Crescent Cheese,,,6.98%
Mischievous Wereminer,Fort Rox,Moon,,,5.66%
Reveling Lycanthrope,Fort Rox,Moon,Prospector's,,9.05%
Reveling Lycanthrope,Fort Rox,Crescent Cheese,Prospector's,,8.23%
Reveling Lycanthrope,Fort Rox,Moon,Candy,,9.52%
Wereminer,Fort Rox,Moon,,,5.53%
Wereminer,Fort Rox,Crescent Cheese,,,6.64%
Nightmancer,Fort Rox,Crescent Cheese,,,5.21%
Battering Ram,Fort Rox,SUPER|brie+,,,4.41%
Battering Ram,Fort Rox,SUPER|brie+,Candy,,6.66%
Battering Ram,Fort Rox,Toxic SUPER|brie+,,,35.62%
Battering Ram,Fort Rox,,Candy,,7.77%
Wealthy Werewarrior,Fort Rox,Crescent Cheese,Prospector's,,2.22%
Wealthy Werewarrior,Fort Rox,Moon,Candy,,4.95%
Wealthy Werewarrior,Fort Rox,Moon,Prospector's,,3.78%
Hypnotized Gunslinger,Fort Rox,Moon,,,4.58%
Hypnotized Gunslinger,Fort Rox,Moon,Candy,,8.11%
Arcane Summoner,Fort Rox,Moon,,,4.06%
Arcane Summoner,Fort Rox,Crescent Cheese,,,3.54%
Arcane Summoner,Fort Rox,Moon,Candy,,6.05%
Night Watcher,Fort Rox,Moon,Candy,,7.53%
Night Watcher,Fort Rox,Moon,,,5.15%
Meteorite Golem,Fort Rox,Moon,,,4.30%
Meteorite Golem,Fort Rox,Crescent Cheese,,,4.80%
Cursed Taskmaster,Fort Rox,Crescent Cheese,,,4.07%
Cursed Taskmaster,Fort Rox,Moon,Candy,,8.49%
Cursed Taskmaster,Fort Rox,Moon,,,5.11%
Meteorite Mystic,Fort Rox,Moon,,,3.01%
Meteorite Mystic,Fort Rox,Moon,Candy,,4.69%
Meteorite Mystic,Fort Rox,Crescent Cheese,Candy,,4.20%
Nightfire,Fort Rox,Crescent Cheese,,,5.45%
Nightfire,Fort Rox,Moon,Candy,,8.39%
Dawn Guardian,Fort Rox,Crescent Cheese,,,7.50%
Dawn Guardian,Fort Rox,Moon,,,14.33%
Monster of the Meteor,Fort Rox,Crescent Cheese,,,7.94%
Monster of the Meteor,Fort Rox,Moon,,,14.44%
Menace of the Rift,Burroughs Rift,Polluted Parmesan,,,9.92%
Heart of the Meteor,Fort Rox,Moon,,,0.05%
Cabin Boy,Harbour,,,,6.08%
Cabin Boy,Harbour,SUPER|brie+,,,5.93%
Dashing Buccaneer,Harbour,,,,6.59%
Dashing Buccaneer,Harbour,SUPER|brie+,,,6.29%
Bilged Boatswain,Harbour,SUPER|brie+,,,5.91%
Bilged Boatswain,Harbour,,,,5.94%
Barmy Gunner,Harbour,,,,6.07%
Barmy Gunner,Harbour,SUPER|brie+,,,6.28%
Corrupt Commodore,Harbour,,,,6.55%
Corrupt Commodore,Harbour,White Cheddar,,,5.47%
Tomb Exhumer,Burroughs Rift,Undead String Emmental,Brain,,17.87%
Tomb Exhumer,Burroughs Rift,Undead String Emmental,,,24.00%
Skeletal Champion,Bristle Woods Rift,Magical String,,,7.52%
Skeletal Champion,Bristle Woods Rift,Runic String Cheese,,,8.01%
Skeletal Champion,Bristle Woods Rift,Brie String,,,8.26%
Portal Plunderer,Bristle Woods Rift,Ancient String Cheese,,,3.02%
Portal Plunderer,Bristle Woods Rift,Brie String,,,16.54%
Portal Plunderer,Bristle Woods Rift,Magical String,,,8.09%
Sentient Slime,Bristle Woods Rift,Runic String Cheese,,,7.17%
Sentient Slime,Bristle Woods Rift,Ancient String Cheese,,,12.86%
Sentient Slime,Bristle Woods Rift,Magical String,,,19.44%
Sentient Slime,Bristle Woods Rift,Brie String,,,15.78%
Record Keeper's Assistant,Bristle Woods Rift,Brie String,,,6.56%
Record Keeper's Assistant,Bristle Woods Rift,Magical String,,,9.10%
Clockwork Timespinner,Bristle Woods Rift,Magical String,,,7.29%
Clockwork Timespinner,Bristle Woods Rift,Brie String,,,20.64%
Clockwork Timespinner,Bristle Woods Rift,Ancient String Cheese,,,2.22%
Portal Paladin,Bristle Woods Rift,Runic String Cheese,,,11.50%
Portal Paladin,Bristle Woods Rift,Ancient String Cheese,,,10.80%
Portal Paladin,Bristle Woods Rift,Magical String,,,11.64%
Portal Paladin,Bristle Woods Rift,Brie String,,,9.99%
Record Keeper,Bristle Woods Rift,Magical String,,,7.39%
Record Keeper,Bristle Woods Rift,Brie String,,,6.71%
Record Keeper,Bristle Woods Rift,Runic String Cheese,,,0.05%
Record Keeper,Bristle Woods Rift,Ancient String Cheese,,,0.99%
Dread Knight,Bristle Woods Rift,Brie String,,,9.23%
Dread Knight,Bristle Woods Rift,Runic String Cheese,,,9.30%
Dread Knight,Bristle Woods Rift,Ancient String Cheese,,,7.25%
Dread Knight,Bristle Woods Rift,Magical String,,,10.79%
Epoch Golem,Bristle Woods Rift,Ancient String Cheese,,,3.55%
Epoch Golem,Bristle Woods Rift,Magical String,,,15.09%
Epoch Golem,Bristle Woods Rift,Runic String Cheese,,,0.98%
Epoch Golem,Bristle Woods Rift,Brie String,,,1.74%
Harbinger of Death,Bristle Woods Rift,Ancient String Cheese,,,1.45%
Harbinger of Death,Bristle Woods Rift,Runic String Cheese,,,1.22%
Harbinger of Death,Bristle Woods Rift,Magical String,,,0.17%
Harbinger of Death,Bristle Woods Rift,Brie String,,,0.16%
Timelost Thaumaturge,Bristle Woods Rift,Brie String,,,0.05%
Timelost Thaumaturge,Bristle Woods Rift,Magical String,,,0.14%
Timelost Thaumaturge,Bristle Woods Rift,Ancient String Cheese,,,15.61%
Timelost Thaumaturge,Bristle Woods Rift,Runic String Cheese,,,4.45%
Vigilant Ward,Bristle Woods Rift,Ancient String Cheese,,,13.14%
Vigilant Ward,Bristle Woods Rift,Runic String Cheese,,,3.19%
Vigilant Ward,Bristle Woods Rift,Magical String,,,0.72%
Vigilant Ward,Bristle Woods Rift,Brie String,,,1.30%
Shackled Servant,Bristle Woods Rift,Magical String,,,1.05%
Shackled Servant,Bristle Woods Rift,Ancient String Cheese,,,12.55%
Shackled Servant,Bristle Woods Rift,Runic String Cheese,,,2.64%
Shackled Servant,Bristle Woods Rift,Brie String,,,0.75%
Timeslither Pythoness,Bristle Woods Rift,Runic String Cheese,,,2.40%
Timeslither Pythoness,Bristle Woods Rift,Ancient String Cheese,,,6.51%
Carrion Medium,Bristle Woods Rift,Magical String,,,0.36%
Carrion Medium,Bristle Woods Rift,Runic String Cheese,,,18.58%
Carrion Medium,Bristle Woods Rift,Brie String,,,0.25%
Carrion Medium,Bristle Woods Rift,Ancient String Cheese,,,0.95%
Timeless Lich,Bristle Woods Rift,Ancient String Cheese,,,1.00%
Timeless Lich,Bristle Woods Rift,Brie String,,,0.09%
Timeless Lich,Bristle Woods Rift,Magical String,,,0.20%
Timeless Lich,Bristle Woods Rift,Runic String Cheese,,,11.44%
Chamber Cleaver,Bristle Woods Rift,Runic String Cheese,,,1.93%
Portal Pursuer,Bristle Woods Rift,Ancient String Cheese,,,2.02%
Portal Pursuer,Bristle Woods Rift,Magical String,,,1.33%
Portal Pursuer,Bristle Woods Rift,Runic String Cheese,,,1.27%
Portal Pursuer,Bristle Woods Rift,Brie String,,,2.11%
Chronomaster,Bristle Woods Rift,Runic String Cheese,,,13.97%
Absolute Acolyte,Bristle Woods Rift,Runic String Cheese,,,1.83%
